Workbook

Sheet 設定
A1: 為替レート設定（必要に応じて数値を書き換えてください）
A3: 1 GBP = | B3: 216 | C3: 円
A4: 1 EUR = | B4: 185 | C4: 円

Sheet 統合決済履歴
A1: 日付 | B1: 摘要（加盟店等） | C1: 金額 | D1: 通貨 | E1: 種別 | F1: ステータス | G1: カテゴリ | H1: 残高 | I1: 取引元ファイル | J1: 集計対象 | K1: 年月
A2: 2026-09-30 | B2: Uber | C2: -19.15 | D2: EUR | E2: カード決済 | F2: COMPLETED | G2: Transport | I2: exported-activities.pdf（Wiseカード） | J2: 共通 | K2: =TEXT(A2,"YYYY-MM")
A3: 2026-09-30 | B3: MAYA MORIさんへの送金（Uber差額分！） | C3: -1.6 | D3: EUR | E3: 送金/入出金 | F3: COMPLETED | G3: General | H3: 18.26 | I3: account-statement_2026-09-01_2026-09-30_ja-jp_ec3fc3.pdf（Revolut） | J3: 共通 | K3: =TEXT(A3,"YYYY-MM")
A4: 2026-09-30 | B4: KAZUHIRO SHIGEMOTOさんからの送金 | C4: 4.79 | D4: EUR | E4: 送金/入出金 | F4: COMPLETED | G4: Money added | H4: 19.86 | I4: account-statement_2026-09-01_2026-09-30_ja-jp_ec3fc3.pdf（Revolut） | J4: 共通 | K4: =TEXT(A4,"YYYY-MM")
A5: 2026-09-28 | B5: Espace Lavage | C5: -10 | D5: EUR | E5: カード決済 | F5: COMPLETED | G5: Bills | I5: exported-activities.pdf（Wiseカード） | J5: 共通 | K5: =TEXT(A5,"YYYY-MM")
A6: 2026-09-26 | B6: MASAHIRO KAWAMURAさんからの送金（タクシー代） | C6: 15 | D6: EUR | E6: 送金/入出金 | F6: COMPLETED | G6: Money added | H6: 15.07 | I6: account-statement_2026-09-01_2026-09-30_ja-jp_ec3fc3.pdf（Revolut） | J6: 共通 | K6: =TEXT(A6,"YYYY-MM")
A7: 2026-09-26 | B7: MASAHIRO KAWAHATAさんへの送金 | C7: -30 | D7: EUR | E7: 送金/入出金 | F7: COMPLETED | G7: General | H7: 0.07 | I7: account-statement_2026-09-01_2026-09-30_ja-jp_ec3fc3.pdf（Revolut） | J7: 共通 | K7: =TEXT(A7,"YYYY-MM")
A8: 2026-09-26 | B8: AIRI HASUOさんからの送金（Uber） | C8: 15 | D8: EUR | E8: 送金/入出金 | F8: COMPLETED | G8: Money added | H8: 30.07 | I8: account-statement_2026-09-01_2026-09-30_ja-jp_ec3fc3.pdf（Revolut） | J8: 共通 | K8: =TEXT(A8,"YYYY-MM")
A9: 2026-09-26 | B9: TAKAHIRO YAMASHITAさんからの送金 | C9: 15 | D9: EUR | E9: 送金/入出金 | F9: COMPLETED | G9: Money added | H9: 15.07 | I9: account-statement_2026-09-01_2026-09-30_ja-jp_ec3fc3.pdf（Revolut） | J9: 共通 | K9: =TEXT(A9,"YYYY-MM")
A10: 2026-09-26 | B10: L ARCHESTE | C10: -426 | D10: EUR | E10: カード決済 | F10: COMPLETED | G10: Eating out | I10: meisai_20261003212728842.pdf（SMBC信託銀行カード） | J10: 共通 | K10: =TEXT(A10,"YYYY-MM")
A11: 2026-09-26 | B11: SC-CAFE FLORE | C11: -17 | D11: EUR | E11: カード決済 | F11: COMPLETED | G11: Eating out | H11: 94.29 | I11: meisai_20261003212728842.pdf（SMBC信託銀行カード） | J11: 共通 | K11: =TEXT(A11,"YYYY-MM")
A12: 2026-09-26 | B12: TLC | C12: -34.5 | D12: EUR | E12: カード決済 | F12: COMPLETED | G12: Transport | I12: meisai_20261003212728842.pdf（SMBC信託銀行カード） | J12: 共通 | K12: =TEXT(A12,"YYYY-MM")
A13: 2026-09-25 | B13: Uber | C13: -58.98 | D13: EUR | E13: カード決済 | F13: COMPLETED | G13: Transport | I13: exported-activities.pdf（Wiseカード） | J13: 共通 | K13: =TEXT(A13,"YYYY-MM")
A14: 2026-09-25 | B14: Moved to EUR (100 GBP) | C14: 115.81 | D14: EUR | E14: 送金/入出金 | F14: COMPLETED | G14: Money added | I14: exported-activities.pdf（Wiseカード） | J14: 共通 | K14: =TEXT(A14,"YYYY-MM")
A15: 2026-09-25 | B15: Hec Resto | C15: -20 | D15: EUR | E15: カード決済 | F15: COMPLETED | G15: Family | I15: exported-activities.pdf（Wiseカード） | J15: 共通 | K15: =TEXT(A15,"YYYY-MM")
A16: 2026-09-23 | B16: Bureau Des Ele | C16: -6 | D16: EUR | E16: カード決済 | F16: COMPLETED | G16: Shopping | I16: exported-activities.pdf（Wiseカード） | J16: 共通 | K16: =TEXT(A16,"YYYY-MM")
A17: 2026-09-23 | B17: Auchan | C17: -116 | D17: EUR | E17: カード決済 | F17: COMPLETED | G17: Shopping | I17: exported-activities.pdf（Wiseカード） | J17: 共通 | K17: =TEXT(A17,"YYYY-MM")
A18: 2026-09-23 | B18: THOMAS GUICHEMERREさんへの送金 | C18: -20 | D18: EUR | E18: 送金/入出金 | F18: COMPLETED | G18: General | H18: 0.07 | I18: account-statement_2026-09-01_2026-09-30_ja-jp_ec3fc3.pdf（Revolut） | J18: 共通 | K18: =TEXT(A18,"YYYY-MM")
A19: 2026-09-22 | B19: Moved to EUR (100 GBP) | C19: 116.16 | D19: EUR | E19: 送金/入出金 | F19: COMPLETED | G19: Money added | I19: exported-activities.pdf（Wiseカード） | J19: 共通 | K19: =TEXT(A19,"YYYY-MM")
A20: 2026-09-22 | B20: MASAHIRO KAWAHATAさんからの送金 | C20: 10.74 | D20: EUR | E20: 送金/入出金 | F20: COMPLETED | G20: Money added | H20: 20.07 | I20: account-statement_2026-09-01_2026-09-30_ja-jp_ec3fc3.pdf（Revolut） | J20: 共通 | K20: =TEXT(A20,"YYYY-MM")
A21: 2026-09-21 | B21: KAZUMA USUIさんへの送金 | C21: -14.86 | D21: EUR | E21: 送金/入出金 | F21: COMPLETED | G21: General | H21: 9.33 | I21: account-statement_2026-09-01_2026-09-30_ja-jp_ec3fc3.pdf（Revolut） | J21: 共通 | K21: =TEXT(A21,"YYYY-MM")
A22: 2026-09-21 | B22: MASAHIRO KAWAMURAさんからの送金 | C22: 7.71 | D22: EUR | E22: 送金/入出金 | F22: COMPLETED | G22: Money added | H22: 24.19 | I22: account-statement_2026-09-01_2026-09-30_ja-jp_ec3fc3.pdf（Revolut） | J22: 共通 | K22: =TEXT(A22,"YYYY-MM")
A23: 2026-09-21 | B23: 紹介報酬 | C23: 10 | D23: EUR | E23: 送金/入出金 | F23: COMPLETED | G23: Money added | H23: 16.48 | I23: account-statement_2026-09-01_2026-09-30_ja-jp_ec3fc3.pdf（Revolut） | J23: 共通 | K23: =TEXT(A23,"YYYY-MM")
A24: 2026-09-21 | B24: Uber | C24: -42.93 | D24: EUR | E24: カード決済 | F24: COMPLETED | G24: Transport | H24: 6.48 | I24: account-statement_2026-09-01_2026-09-30_ja-jp_ec3fc3.pdf（Revolut） | J24: 共通 | K24: =TEXT(A24,"YYYY-MM")
A25: 2026-09-20 | B25: Amazon Pay | C25: -18.99 | D25: EUR | E25: カード決済 | F25: COMPLETED | G25: Shopping | I25: exported-activities.pdf（Wiseカード） | J25: 共通 | K25: =TEXT(A25,"YYYY-MM")
A26: 2026-09-20 | B26: SOLA RAMEN | C26: -15 | D26: EUR | E26: カード決済 | F26: COMPLETED | G26: Eating out | I26: meisai_20261003212728842.pdf（SMBC信託銀行カード） | J26: 共通 | K26: =TEXT(A26,"YYYY-MM")
A27: 2026-09-20 | B27: BOULANGERIE ZES | C27: -6.5 | D27: EUR | E27: カード決済 | F27: COMPLETED | G27: Groceries | I27: meisai_20261003212728842.pdf（SMBC信託銀行カード） | J27: 共通 | K27: =TEXT(A27,"YYYY-MM")
A28: 2026-09-19 | B28: Ace Mart | C28: -88.55 | D28: EUR | E28: カード決済 | F28: COMPLETED | G28: Groceries | I28: exported-activities.pdf（Wiseカード） | J28: 共通 | K28: =TEXT(A28,"YYYY-MM")
A29: 2026-09-19 | B29: IKEA | C29: -1.5 | D29: EUR | E29: カード決済 | F29: COMPLETED | G29: Shopping | I29: exported-activities.pdf（Wiseカード） | J29: 共通 | K29: =TEXT(A29,"YYYY-MM")
A30: 2026-09-19 | B30: IKEA | C30: -48.88 | D30: EUR | E30: カード決済 | F30: COMPLETED | G30: Shopping | I30: exported-activities.pdf（Wiseカード） | J30: 共通 | K30: =TEXT(A30,"YYYY-MM")
A31: 2026-09-19 | B31: Momola Pigalle.t2pay | C31: -10 | D31: EUR | E31: カード決済 | F31: COMPLETED | G31: Eating out | I31: exported-activities.pdf（Wiseカード） | J31: 共通 | K31: =TEXT(A31,"YYYY-MM")
A32: 2026-09-19 | B32: Kow | C32: -6 | D32: EUR | E32: カード決済 | F32: COMPLETED | G32: Eating out | I32: exported-activities.pdf（Wiseカード） | J32: 共通 | K32: =TEXT(A32,"YYYY-MM")
A33: 2026-09-19 | B33: 4M2 Mymasgwc | C33: -10 | D33: EUR | E33: カード決済 | F33: COMPLETED | G33: Groceries | I33: exported-activities.pdf（Wiseカード） | J33: 共通 | K33: =TEXT(A33,"YYYY-MM")
A34: 2026-09-19 | B34: Snp Usagi Delice | C34: -10 | D34: EUR | E34: カード決済 | F34: COMPLETED | G34: Eating out | I34: exported-activities.pdf（Wiseカード） | J34: 共通 | K34: =TEXT(A34,"YYYY-MM")
A35: 2026-09-19 | B35: IDF Mobilités | Navigo pass | C35: -25.5 | D35: EUR | E35: カード決済 | F35: COMPLETED | G35: Transport | H35: 136.54 | I35: exported-activities.pdf（Wiseカード） | J35: 共通 | K35: =TEXT(A35,"YYYY-MM")
A36: 2026-09-19 | B36: IDF Mobilités | Navigo pass | C36: -25.5 | D36: EUR | E36: カード決済 | F36: COMPLETED | G36: Transport | I36: exported-activities.pdf（Wiseカード） | J36: 共通 | K36: =TEXT(A36,"YYYY-MM")
A37: 2026-09-19 | B37: IDF Mobilités | Navigo pass | C37: -20.5 | D37: EUR | E37: カード決済 | F37: COMPLETED | G37: Transport | I37: exported-activities.pdf（Wiseカード） | J37: 共通 | K37: =TEXT(A37,"YYYY-MM")
A38: 2026-09-19 | B38: IDF Mobilités | Navigo pass | C38: -20.5 | D38: EUR | E38: カード決済 | F38: COMPLETED | G38: Transport | I38: exported-activities.pdf（Wiseカード） | J38: 共通 | K38: =TEXT(A38,"YYYY-MM")
A39: 2026-09-19 | B39: SHUN KINOSHITAさんからの送金 | C39: 5 | D39: EUR | E39: 送金/入出金 | F39: COMPLETED | G39: Money added | H39: 49.41 | I39: account-statement_2026-09-01_2026-09-30_ja-jp_ec3fc3.pdf（Revolut） | J39: 共通 | K39: =TEXT(A39,"YYYY-MM")
A40: 2026-09-17 | B40: Auchan | C40: -24 | D40: EUR | E40: カード決済 | F40: COMPLETED | G40: Shopping | I40: exported-activities.pdf（Wiseカード） | J40: 共通 | K40: =TEXT(A40,"YYYY-MM")
A41: 2026-09-17 | B41: Amazon | C41: -89.98 | D41: EUR | E41: カード決済 | F41: COMPLETED | G41: Shopping | H41: 44.41 | I41: account-statement_2026-09-01_2026-09-30_ja-jp_ec3fc3.pdf（Revolut） | J41: 共通 | K41: =TEXT(A41,"YYYY-MM")
A42: 2026-09-17 | B42: Amazon | C42: -21.7 | D42: EUR | E42: カード決済 | F42: COMPLETED | G42: Shopping | H42: 134.39 | I42: account-statement_2026-09-01_2026-09-30_ja-jp_ec3fc3.pdf（Revolut） | J42: 共通 | K42: =TEXT(A42,"YYYY-MM")
A43: 2026-09-16 | B43: Hec Paris Students Uni | C43: -78 | D43: EUR | E43: カード決済 | F43: COMPLETED | G43: General | I43: exported-activities.pdf（Wiseカード） | J43: 共通 | K43: =TEXT(A43,"YYYY-MM")
A44: 2026-09-15 | B44: Revolut | C44: -100 | D44: EUR | E44: カード決済 | F44: COMPLETED | G44: Money added | I44: exported-activities.pdf（Wiseカード） | J44: 共通 | K44: =TEXT(A44,"YYYY-MM")
A45: 2026-09-15 | B45: Apple Payチャージ手数料 *5293 | C45: -1.66 | D45: EUR | E45: カード決済 | F45: COMPLETED | G45: General | H45: 156.09 | I45: account-statement_2026-09-01_2026-09-30_ja-jp_ec3fc3.pdf（Revolut） | J45: 共通 | K45: =TEXT(A45,"YYYY-MM")
A46: 2026-09-15 | B46: Apple Payチャージ *5293 | C46: 100 | D46: EUR | E46: 送金/入出金 | F46: COMPLETED | G46: Money added | H46: 157.75 | I46: account-statement_2026-09-01_2026-09-30_ja-jp_ec3fc3.pdf（Revolut） | J46: 共通 | K46: =TEXT(A46,"YYYY-MM")
A47: 2026-09-15 | B47: ANTHROPIC* CLAUDE SUB | C47: -216 | D47: EUR | E47: カード決済 | F47: COMPLETED | G47: Bills | H47: 404.09 | I47: meisai_20261003212728842.pdf（SMBC信託銀行カード） | J47: 共通 | K47: =TEXT(A47,"YYYY-MM")
A48: 2026-09-12 | B48: Revolut | C48: -100 | D48: EUR | E48: カード決済 | F48: COMPLETED | G48: Money added | H48: 454.29 | I48: exported-activities.pdf（Wiseカード） | J48: 共通 | K48: =TEXT(A48,"YYYY-MM")
A49: 2026-09-12 | B49: カード配送料 | C49: -7.99 | D49: EUR | E49: カード決済 | F49: COMPLETED | G49: General | H49: 57.75 | I49: account-statement_2026-09-01_2026-09-30_ja-jp_ec3fc3.pdf（Revolut） | J49: 共通 | K49: =TEXT(A49,"YYYY-MM")
A50: 2026-09-12 | B50: Direction régionale des finances publiques（Timbre Fiscal） | C50: -100 | D50: EUR | E50: カード決済 | F50: COMPLETED | G50: General | H50: 65.74 | I50: account-statement_2026-09-01_2026-09-30_ja-jp_ec3fc3.pdf（Revolut） | J50: 共通 | K50: =TEXT(A50,"YYYY-MM")
A51: 2026-09-11 | B51: Acs | C51: -17 | D51: EUR | E51: カード決済 | F51: COMPLETED | G51: Bills | I51: exported-activities.pdf（Wiseカード） | J51: 共通 | K51: =TEXT(A51,"YYYY-MM")
A52: 2026-09-11 | B52: Google*chrome Temp | C52: -1.13 | D52: EUR | E52: カード決済 | F52: CANCELLED | G52: Bills | I52: account-statement_2026-09-01_2026-09-30_ja-jp_ec3fc3.pdf（Revolut） | J52: 共通 | K52: =TEXT(A52,"YYYY-MM")
A53: 2026-09-10 | B53: Auchan | C53: -37.49 | D53: EUR | E53: カード決済 | F53: COMPLETED | G53: Shopping | I53: exported-activities.pdf（Wiseカード） | J53: 共通 | K53: =TEXT(A53,"YYYY-MM")
A54: 2026-09-10 | B54: THE LONDON SCHOOL (REFUND ST98166) | C54: 480 | D54: GBP | E54: 送金/入出金 | F54: COMPLETED | G54: Money added | I54: exported-activities.pdf（Wiseカード） | J54: 共通 | K54: =TEXT(A54,"YYYY-MM")
A55: 2026-09-10 | B55: MASAHIRO KAWAMURAさんへの送金 | C55: -12.35 | D55: EUR | E55: 送金/入出金 | F55: COMPLETED | G55: General | H55: 165.74 | I55: account-statement_2026-09-01_2026-09-30_ja-jp_ec3fc3.pdf（Revolut） | J55: 共通 | K55: =TEXT(A55,"YYYY-MM")
A56: 2026-09-08 | B56: Amazon | C56: -41.27 | D56: EUR | E56: カード決済 | F56: COMPLETED | G56: Shopping | H56: 625.71 | I56: exported-activities.pdf（Wiseカード） | J56: 共通 | K56: =TEXT(A56,"YYYY-MM")
A57: 2026-09-07 | B57: Auchan | C57: -38.76 | D57: EUR | E57: カード決済 | F57: COMPLETED | G57: Shopping | H57: 510.71 | I57: exported-activities.pdf（Wiseカード） | J57: 共通 | K57: =TEXT(A57,"YYYY-MM")
A58: 2026-09-07 | B58: Hec Boutique | C58: -20 | D58: EUR | E58: カード決済 | F58: COMPLETED | G58: Family | H58: 472.21 | I58: exported-activities.pdf（Wiseカード） | J58: 共通 | K58: =TEXT(A58,"YYYY-MM")
A59: 2026-09-07 | B59: HEC RESTO 1 | C59: -20 | D59: EUR | E59: カード決済 | F59: COMPLETED | G59: Family | I59: meisai_20261003212728842.pdf（SMBC信託銀行カード） | J59: 共通 | K59: =TEXT(A59,"YYYY-MM")
A60: 2026-09-06 | B60: Espace Lavage | C60: -20 | D60: EUR | E60: カード決済 | F60: COMPLETED | G60: Bills | I60: exported-activities.pdf（Wiseカード） | J60: 共通 | K60: =TEXT(A60,"YYYY-MM")
A61: 2026-09-06 | B61: Auchan | C61: -41.29 | D61: EUR | E61: カード決済 | F61: COMPLETED | G61: Shopping | H61: 1474.27 | I61: exported-activities.pdf（Wiseカード） | J61: 共通 | K61: =TEXT(A61,"YYYY-MM")
A62: 2026-09-06 | B62: MASAHIRO KAWAMURAさんへの送金 | C62: -9.32 | D62: EUR | E62: 送金/入出金 | F62: COMPLETED | G62: General | H62: 178.09 | I62: account-statement_2026-09-01_2026-09-30_ja-jp_ec3fc3.pdf（Revolut） | J62: 共通 | K62: =TEXT(A62,"YYYY-MM")
A63: 2026-09-06 | B63: Apple Payチャージ *0390 | C63: 187.41 | D63: EUR | E63: 送金/入出金 | F63: COMPLETED | G63: Money added | H63: 187.41 | I63: account-statement_2026-09-01_2026-09-30_ja-jp_ec3fc3.pdf（Revolut） | J63: 共通 | K63: =TEXT(A63,"YYYY-MM")
A64: 2026-09-06 | B64: CABJ770 | C64: -3.5 | D64: EUR | E64: カード決済 | F64: COMPLETED | G64: Transport | H64: 1570.53 | I64: meisai_20261003212728842.pdf（SMBC信託銀行カード） | J64: 共通 | K64: =TEXT(A64,"YYYY-MM")
A65: 2026-09-05 | B65: Bureau Des Ele | C65: -3 | D65: EUR | E65: カード決済 | F65: COMPLETED | G65: Shopping | H65: 1549.88 | I65: exported-activities.pdf（Wiseカード） | J65: 共通 | K65: =TEXT(A65,"YYYY-MM")
A66: 2026-09-05 | B66: Bureau Des Ele | C66: -3 | D66: EUR | E66: カード決済 | F66: COMPLETED | G66: Shopping | H66: 1546.07 | I66: exported-activities.pdf（Wiseカード） | J66: 共通 | K66: =TEXT(A66,"YYYY-MM")
A67: 2026-09-05 | B67: SUD COURTAGE | C67: -105 | D67: EUR | E67: カード決済 | F67: COMPLETED | G67: Bills | H67: 1577.51 | I67: meisai_20261003212728842.pdf（SMBC信託銀行カード） | J67: 共通 | K67: =TEXT(A67,"YYYY-MM")
A68: 2026-09-04 | B68: Hec Paris Students Uni | C68: -5.4 | D68: EUR | E68: カード決済 | F68: COMPLETED | G68: General | H68: 1635.74 | I68: exported-activities.pdf（Wiseカード） | J68: 共通 | K68: =TEXT(A68,"YYYY-MM")
A69: 2026-09-04 | B69: Auchan | C69: -94.31 | D69: EUR | E69: カード決済 | F69: COMPLETED | G69: Shopping | H69: 1621.99 | I69: exported-activities.pdf（Wiseカード） | J69: 共通 | K69: =TEXT(A69,"YYYY-MM")
A70: 2026-09-04 | B70: IKEA | C70: -142.87 | D70: EUR | E70: カード決済 | F70: COMPLETED | G70: Shopping | H70: 1616.79 | I70: exported-activities.pdf（Wiseカード） | J70: 共通 | K70: =TEXT(A70,"YYYY-MM")
A71: 2026-09-04 | B71: Free Mobile | C71: -22.99 | D71: EUR | E71: カード決済 | F71: COMPLETED | G71: Bills | I71: exported-activities.pdf（Wiseカード） | J71: 共通 | K71: =TEXT(A71,"YYYY-MM")
A72: 2026-09-04 | B72: Added to EUR (169,423 JPY) | C72: 925.37 | D72: EUR | E72: 送金/入出金 | F72: COMPLETED | G72: Money added | I72: exported-activities.pdf（Wiseカード） | J72: 共通 | K72: =TEXT(A72,"YYYY-MM")
A73: 2026-09-04 | B73: FREE MOBILE | C73: -22.99 | D73: EUR | E73: カード決済 | F73: COMPLETED | G73: Bills | H73: 1642.54 | I73: meisai_20261003212728842.pdf（SMBC信託銀行カード） | J73: 共通 | K73: =TEXT(A73,"YYYY-MM")
A74: 2026-09-03 | B74: Auchan | C74: -61.54 | D74: EUR | E74: カード決済 | F74: COMPLETED | G74: Shopping | I74: exported-activities.pdf（Wiseカード） | J74: 共通 | K74: =TEXT(A74,"YYYY-MM")
A75: 2026-09-03 | B75: Nishikidori | C75: -12.7 | D75: EUR | E75: カード決済 | F75: COMPLETED | G75: Bills | H75: 1773.69 | I75: exported-activities.pdf（Wiseカード） | J75: 共通 | K75: =TEXT(A75,"YYYY-MM")
A76: 2026-09-03 | B76: KIOKO | C76: -22.3 | D76: EUR | E76: カード決済 | F76: COMPLETED | G76: Groceries | H76: 1749.09 | I76: exported-activities.pdf（Wiseカード） | J76: 共通 | K76: =TEXT(A76,"YYYY-MM")
A77: 2026-09-03 | B77: Jfla Europe | C77: -18.7 | D77: EUR | E77: カード決済 | F77: COMPLETED | G77: Eating out | H77: 1734.09 | I77: exported-activities.pdf（Wiseカード） | J77: 共通 | K77: =TEXT(A77,"YYYY-MM")
A78: 2026-09-03 | B78: K Mart | C78: -9.5 | D78: EUR | E78: カード決済 | F78: COMPLETED | G78: Groceries | H78: 1719.09 | I78: exported-activities.pdf（Wiseカード） | J78: 共通 | K78: =TEXT(A78,"YYYY-MM")
A79: 2026-09-03 | B79: Nishikidori | C79: -25.16 | D79: EUR | E79: カード決済 | F79: COMPLETED | G79: Bills | H79: 1695.54 | I79: exported-activities.pdf（Wiseカード） | J79: 共通 | K79: =TEXT(A79,"YYYY-MM")
A80: 2026-09-03 | B80: TRANSPORT SERVIC | C80: -60 | D80: EUR | E80: カード決済 | F80: COMPLETED | G80: Transport | I80: meisai_20261003212728842.pdf（SMBC信託銀行カード） | J80: 共通 | K80: =TEXT(A80,"YYYY-MM")
A81: 2026-09-03 | B81: HOTEL ALISON | C81: -22.12 | D81: EUR | E81: カード決済 | F81: COMPLETED | G81: General | I81: meisai_20261003212728842.pdf（SMBC信託銀行カード） | J81: 共通 | K81: =TEXT(A81,"YYYY-MM")
A82: 2026-09-03 | B82: FRANPRIX | C82: -0.75 | D82: EUR | E82: カード決済 | F82: COMPLETED | G82: Groceries | H82: 2032.97 | I82: meisai_20261003212728842.pdf（SMBC信託銀行カード） | J82: 共通 | K82: =TEXT(A82,"YYYY-MM")
A83: 2026-09-03 | B83: LA NOUVELLE CAST | C83: -4.7 | D83: EUR | E83: カード決済 | F83: COMPLETED | G83: Eating out | H83: 1917.89 | I83: meisai_20261003212728842.pdf（SMBC信託銀行カード） | J83: 共通 | K83: =TEXT(A83,"YYYY-MM")
A84: 2026-09-02 | B84: Centre Des Monuments N | C84: -32 | D84: EUR | E84: カード決済 | F84: COMPLETED | G84: Entertainment | H84: 1842.49 | I84: exported-activities.pdf（Wiseカード） | J84: 共通 | K84: =TEXT(A84,"YYYY-MM")
A85: 2026-09-02 | B85: JOJO | C85: -68.5 | D85: EUR | E85: カード決済 | F85: COMPLETED | G85: Eating out | H85: 1819.09 | I85: meisai_20261003212728842.pdf（SMBC信託銀行カード） | J85: 共通 | K85: =TEXT(A85,"YYYY-MM")
A86: 2026-09-02 | B86: LA NOUVELLE CAST | C86: -6.1 | D86: EUR | E86: カード決済 | F86: COMPLETED | G86: Eating out | H86: 1809.09 | I86: meisai_20261003212728842.pdf（SMBC信託銀行カード） | J86: 共通 | K86: =TEXT(A86,"YYYY-MM")
A87: 2026-09-01 | B87: Moved to EUR (6,366 JPY) | C87: 34.07 | D87: EUR | E87: 送金/入出金 | F87: COMPLETED | G87: Money added | H87: 1807.49 | I87: exported-activities.pdf（Wiseカード） | J87: 共通 | K87: =TEXT(A87,"YYYY-MM")
A88: 2026-09-01 | B88: Moved to EUR (286.34 GBP) | C88: 333.03 | D88: EUR | E88: 送金/入出金 | F88: COMPLETED | G88: Money added | I88: exported-activities.pdf（Wiseカード） | J88: 共通 | K88: =TEXT(A88,"YYYY-MM")
A89: 2026-09-01 | B89: AMORINO OPERA | C89: -8.7 | D89: EUR | E89: カード決済 | F89: COMPLETED | G89: Eating out | H89: 2168.02 | I89: meisai_20261003212728842.pdf（SMBC信託銀行カード） | J89: 共通 | K89: =TEXT(A89,"YYYY-MM")
A90: 2026-09-01 | B90: CREPE AVENUE | C90: -27.5 | D90: EUR | E90: カード決済 | F90: COMPLETED | G90: Eating out | H90: 2143.95 | I90: meisai_20261003212728842.pdf（SMBC信託銀行カード） | J90: 共通 | K90: =TEXT(A90,"YYYY-MM")
A91: 2026-08-29 | B91: New Balance | C91: -40 | D91: GBP | E91: カード決済 | F91: COMPLETED | G91: Shopping | I91: transaction-history.csv（Wiseカード） | J91: 除外 | K91: =TEXT(A91,"YYYY-MM")
A92: 2026-08-29 | B92: Swarovski | C92: -70 | D92: GBP | E92: カード決済 | F92: COMPLETED | G92: Shopping | H92: 2210.73 | I92: transaction-history.csv（Wiseカード） | J92: 除外 | K92: =TEXT(A92,"YYYY-MM")
A93: 2026-08-29 | B93: Molton Brown | C93: -11 | D93: GBP | E93: カード決済 | F93: COMPLETED | G93: Personal care | H93: 2208.73 | I93: transaction-history.csv（Wiseカード） | J93: 共通 | K93: =TEXT(A93,"YYYY-MM")
A94: 2026-08-29 | B94: Zwilling | C94: -22.95 | D94: GBP | E94: カード決済 | F94: COMPLETED | G94: Shopping | I94: transaction-history.csv（Wiseカード） | J94: 共通 | K94: =TEXT(A94,"YYYY-MM")
A95: 2026-08-29 | B95: Fortnum & Mason | C95: -33.95 | D95: GBP | E95: カード決済 | F95: COMPLETED | G95: Groceries | I95: transaction-history.csv（Wiseカード） | J95: 共通 | K95: =TEXT(A95,"YYYY-MM")
A96: 2026-08-29 | B96: Calvin Klein | C96: -31 | D96: GBP | E96: カード決済 | F96: COMPLETED | G96: Shopping | I96: transaction-history.csv（Wiseカード） | J96: 共通 | K96: =TEXT(A96,"YYYY-MM")
A97: 2026-08-29 | B97: David Clulow Opticians | C97: -180 | D97: GBP | E97: カード決済 | F97: COMPLETED | G97: Shopping | H97: 2237.83 | I97: transaction-history.csv（Wiseカード） | J97: 共通 | K97: =TEXT(A97,"YYYY-MM")
A98: 2026-08-29 | B98: Deckers Brands | C98: -62.05 | D98: GBP | E98: カード決済 | F98: COMPLETED | G98: Shopping | I98: transaction-history.csv（Wiseカード） | J98: 共通 | K98: =TEXT(A98,"YYYY-MM")
A99: 2026-08-29 | B99: E346 1006 Bicester | C99: -181 | D99: GBP | E99: カード決済 | F99: COMPLETED | G99: Shopping | I99: transaction-history.csv（Wiseカード） | J99: 共通 | K99: =TEXT(A99,"YYYY-MM")
A100: 2026-08-29 | B100: PAYPAL *CHILTERN PP | C100: -35.9 | D100: GBP | E100: カード決済 | F100: COMPLETED | G100: Transport | H100: 94.29 | I100: FutsuRireki.csv（普通預金Visaデビット） | J100: 共通 | K100: =TEXT(A100,"YYYY-MM")
...

Sheet 月別集計
A1: 2026年9月
A3: ■ 聖也
A4: カテゴリ | B4: GBP 合計 | C4: EUR 合計 | D4: JPY 合計 | E4: JPY換算合計
A5: Bills | B5: =SUMIFS(統合決済履歴!$C$2:$C$198,統合決済履歴!$G$2:$G$198,"Bills",統合決済履歴!$D$2:$D$198,"GBP",統合決済履歴!$F$2:$F$198,"COMPLETED",統合決済履歴!$J$2:$J$198,"聖也",統合決済履歴!$K$2:$K$198,"2026-09") | C5: =SUMIFS(統合決済履歴!$C$2:$C$198,統合決済履歴!$G$2:$G$198,"Bills",統合決済履歴!$D$2:$D$198,"EUR",統合決済履歴!$F$2:$F$198,"COMPLETED",統合決済履歴!$J$2:$J$198,"聖也",統合決済履歴!$K$2:$K$198,"2026-09") | D5: =SUMIFS(統合決済履歴!$C$2:$C$198,統合決済履歴!$G$2:$G$198,"Bills",統合決済履歴!$D$2:$D$198,"JPY",統合決済履歴!$F$2:$F$198,"COMPLETED",統合決済履歴!$J$2:$J$198,"聖也",統合決済履歴!$K$2:$K$198,"2026-09") | E5: =B5*設定!$B$3+C5*設定!$B$4+D5
A6: Eating out | B6: =SUMIFS(統合決済履歴!$C$2:$C$198,統合決済履歴!$G$2:$G$198,"Eating out",統合決済履歴!$D$2:$D$198,"GBP",統合決済履歴!$F$2:$F$198,"COMPLETED",統合決済履歴!$J$2:$J$198,"聖也",統合決済履歴!$K$2:$K$198,"2026-09") | C6: =SUMIFS(統合決済履歴!$C$2:$C$198,統合決済履歴!$G$2:$G$198,"Eating out",統合決済履歴!$D$2:$D$198,"EUR",統合決済履歴!$F$2:$F$198,"COMPLETED",統合決済履歴!$J$2:$J$198,"聖也",統合決済履歴!$K$2:$K$198,"2026-09") | D6: =SUMIFS(統合決済履歴!$C$2:$C$198,統合決済履歴!$G$2:$G$198,"Eating out",統合決済履歴!$D$2:$D$198,"JPY",統合決済履歴!$F$2:$F$198,"COMPLETED",統合決済履歴!$J$2:$J$198,"聖也",統合決済履歴!$K$2:$K$198,"2026-09") | E6: =B6*設定!$B$3+C6*設定!$B$4+D6
A7: Entertainment | B7: =SUMIFS(統合決済履歴!$C$2:$C$198,統合決済履歴!$G$2:$G$198,"Entertainment",統合決済履歴!$D$2:$D$198,"GBP",統合決済履歴!$F$2:$F$198,"COMPLETED",統合決済履歴!$J$2:$J$198,"聖也",統合決済履歴!$K$2:$K$198,"2026-09") | C7: =SUMIFS(統合決済履歴!$C$2:$C$198,統合決済履歴!$G$2:$G$198,"Entertainment",統合決済履歴!$D$2:$D$198,"EUR",統合決済履歴!$F$2:$F$198,"COMPLETED",統合決済履歴!$J$2:$J$198,"聖也",統合決済履歴!$K$2:$K$198,"2026-09") | D7: =SUMIFS(統合決済履歴!$C$2:$C$198,統合決済履歴!$G$2:$G$198,"Entertainment",統合決済履歴!$D$2:$D$198,"JPY",統合決済履歴!$F$2:$F$198,"COMPLETED",統合決済履歴!$J$2:$J$198,"聖也",統合決済履歴!$K$2:$K$198,"2026-09") | E7: =B7*設定!$B$3+C7*設定!$B$4+D7
A8: Family | B8: =SUMIFS(統合決済履歴!$C$2:$C$198,統合決済履歴!$G$2:$G$198,"Family",統合決済履歴!$D$2:$D$198,"GBP",統合決済履歴!$F$2:$F$198,"COMPLETED",統合決済履歴!$J$2:$J$198,"聖也",統合決済履歴!$K$2:$K$198,"2026-09") | C8: =SUMIFS(統合決済履歴!$C$2:$C$198,統合決済履歴!$G$2:$G$198,"Family",統合決済履歴!$D$2:$D$198,"EUR",統合決済履歴!$F$2:$F$198,"COMPLETED",統合決済履歴!$J$2:$J$198,"聖也",統合決済履歴!$K$2:$K$198,"2026-09") | D8: =SUMIFS(統合決済履歴!$C$2:$C$198,統合決済履歴!$G$2:$G$198,"Family",統合決済履歴!$D$2:$D$198,"JPY",統合決済履歴!$F$2:$F$198,"COMPLETED",統合決済履歴!$J$2:$J$198,"聖也",統合決済履歴!$K$2:$K$198,"2026-09") | E8: =B8*設定!$B$3+C8*設定!$B$4+D8
A9: General | B9: =SUMIFS(統合決済履歴!$C$2:$C$198,統合決済履歴!$G$2:$G$198,"General",統合決済履歴!$D$2:$D$198,"GBP",統合決済履歴!$F$2:$F$198,"COMPLETED",統合決済履歴!$J$2:$J$198,"聖也",統合決済履歴!$K$2:$K$198,"2026-09") | C9: =SUMIFS(統合決済履歴!$C$2:$C$198,統合決済履歴!$G$2:$G$198,"General",統合決済履歴!$D$2:$D$198,"EUR",統合決済履歴!$F$2:$F$198,"COMPLETED",統合決済履歴!$J$2:$J$198,"聖也",統合決済履歴!$K$2:$K$198,"2026-09") | D9: =SUMIFS(統合決済履歴!$C$2:$C$198,統合決済履歴!$G$2:$G$198,"General",統合決済履歴!$D$2:$D$198,"JPY",統合決済履歴!$F$2:$F$198,"COMPLETED",統合決済履歴!$J$2:$J$198,"聖也",統合決済履歴!$K$2:$K$198,"2026-09") | E9: =B9*設定!$B$3+C9*設定!$B$4+D9
A10: Groceries | B10: =SUMIFS(統合決済履歴!$C$2:$C$198,統合決済履歴!$G$2:$G$198,"Groceries",統合決済履歴!$D$2:$D$198,"GBP",統合決済履歴!$F$2:$F$198,"COMPLETED",統合決済履歴!$J$2:$J$198,"聖也",統合決済履歴!$K$2:$K$198,"2026-09") | C10: =SUMIFS(統合決済履歴!$C$2:$C$198,統合決済履歴!$G$2:$G$198,"Groceries",統合決済履歴!$D$2:$D$198,"EUR",統合決済履歴!$F$2:$F$198,"COMPLETED",統合決済履歴!$J$2:$J$198,"聖也",統合決済履歴!$K$2:$K$198,"2026-09") | D10: =SUMIFS(統合決済履歴!$C$2:$C$198,統合決済履歴!$G$2:$G$198,"Groceries",統合決済履歴!$D$2:$D$198,"JPY",統合決済履歴!$F$2:$F$198,"COMPLETED",統合決済履歴!$J$2:$J$198,"聖也",統合決済履歴!$K$2:$K$198,"2026-09") | E10: =B10*設定!$B$3+C10*設定!$B$4+D10
A11: Money added | B11: =SUMIFS(統合決済履歴!$C$2:$C$198,統合決済履歴!$G$2:$G$198,"Money added",統合決済履歴!$D$2:$D$198,"GBP",統合決済履歴!$F$2:$F$198,"COMPLETED",統合決済履歴!$J$2:$J$198,"聖也",統合決済履歴!$K$2:$K$198,"2026-09") | C11: =SUMIFS(統合決済履歴!$C$2:$C$198,統合決済履歴!$G$2:$G$198,"Money added",統合決済履歴!$D$2:$D$198,"EUR",統合決済履歴!$F$2:$F$198,"COMPLETED",統合決済履歴!$J$2:$J$198,"聖也",統合決済履歴!$K$2:$K$198,"2026-09") | D11: =SUMIFS(統合決済履歴!$C$2:$C$198,統合決済履歴!$G$2:$G$198,"Money added",統合決済履歴!$D$2:$D$198,"JPY",統合決済履歴!$F$2:$F$198,"COMPLETED",統合決済履歴!$J$2:$J$198,"聖也",統合決済履歴!$K$2:$K$198,"2026-09") | E11: =B11*設定!$B$3+C11*設定!$B$4+D11
A12: Personal care | B12: =SUMIFS(統合決済履歴!$C$2:$C$198,統合決済履歴!$G$2:$G$198,"Personal care",統合決済履歴!$D$2:$D$198,"GBP",統合決済履歴!$F$2:$F$198,"COMPLETED",統合決済履歴!$J$2:$J$198,"聖也",統合決済履歴!$K$2:$K$198,"2026-09") | C12: =SUMIFS(統合決済履歴!$C$2:$C$198,統合決済履歴!$G$2:$G$198,"Personal care",統合決済履歴!$D$2:$D$198,"EUR",統合決済履歴!$F$2:$F$198,"COMPLETED",統合決済履歴!$J$2:$J$198,"聖也",統合決済履歴!$K$2:$K$198,"2026-09") | D12: =SUMIFS(統合決済履歴!$C$2:$C$198,統合決済履歴!$G$2:$G$198,"Personal care",統合決済履歴!$D$2:$D$198,"JPY",統合決済履歴!$F$2:$F$198,"COMPLETED",統合決済履歴!$J$2:$J$198,"聖也",統合決済履歴!$K$2:$K$198,"2026-09") | E12: =B12*設定!$B$3+C12*設定!$B$4+D12
A13: Shopping | B13: =SUMIFS(統合決済履歴!$C$2:$C$198,統合決済履歴!$G$2:$G$198,"Shopping",統合決済履歴!$D$2:$D$198,"GBP",統合決済履歴!$F$2:$F$198,"COMPLETED",統合決済履歴!$J$2:$J$198,"聖也",統合決済履歴!$K$2:$K$198,"2026-09") | C13: =SUMIFS(統合決済履歴!$C$2:$C$198,統合決済履歴!$G$2:$G$198,"Shopping",統合決済履歴!$D$2:$D$198,"EUR",統合決済履歴!$F$2:$F$198,"COMPLETED",統合決済履歴!$J$2:$J$198,"聖也",統合決済履歴!$K$2:$K$198,"2026-09") | D13: =SUMIFS(統合決済履歴!$C$2:$C$198,統合決済履歴!$G$2:$G$198,"Shopping",統合決済履歴!$D$2:$D$198,"JPY",統合決済履歴!$F$2:$F$198,"COMPLETED",統合決済履歴!$J$2:$J$198,"聖也",統合決済履歴!$K$2:$K$198,"2026-09") | E13: =B13*設定!$B$3+C13*設定!$B$4+D13
A14: Transport | B14: =SUMIFS(統合決済履歴!$C$2:$C$198,統合決済履歴!$G$2:$G$198,"Transport",統合決済履歴!$D$2:$D$198,"GBP",統合決済履歴!$F$2:$F$198,"COMPLETED",統合決済履歴!$J$2:$J$198,"聖也",統合決済履歴!$K$2:$K$198,"2026-09") | C14: =SUMIFS(統合決済履歴!$C$2:$C$198,統合決済履歴!$G$2:$G$198,"Transport",統合決済履歴!$D$2:$D$198,"EUR",統合決済履歴!$F$2:$F$198,"COMPLETED",統合決済履歴!$J$2:$J$198,"聖也",統合決済履歴!$K$2:$K$198,"2026-09") | D14: =SUMIFS(統合決済履歴!$C$2:$C$198,統合決済履歴!$G$2:$G$198,"Transport",統合決済履歴!$D$2:$D$198,"JPY",統合決済履歴!$F$2:$F$198,"COMPLETED",統合決済履歴!$J$2:$J$198,"聖也",統合決済履歴!$K$2:$K$198,"2026-09") | E14: =B14*設定!$B$3+C14*設定!$B$4+D14
A15: 合計 | B15: =SUM(B5:B14) | C15: =SUM(C5:C14) | D15: =SUM(D5:D14) | E15: =SUM(E5:E14)
A17: ■ 愛弓
A18: カテゴリ | B18: GBP 合計 | C18: EUR 合計 | D18: JPY 合計 | E18: JPY換算合計
A19: Bills | B19: =SUMIFS(統合決済履歴!$C$2:$C$198,統合決済履歴!$G$2:$G$198,"Bills",統合決済履歴!$D$2:$D$198,"GBP",統合決済履歴!$F$2:$F$198,"COMPLETED",統合決済履歴!$J$2:$J$198,"愛弓",統合決済履歴!$K$2:$K$198,"2026-09") | C19: =SUMIFS(統合決済履歴!$C$2:$C$198,統合決済履歴!$G$2:$G$198,"Bills",統合決済履歴!$D$2:$D$198,"EUR",統合決済履歴!$F$2:$F$198,"COMPLETED",統合決済履歴!$J$2:$J$198,"愛弓",統合決済履歴!$K$2:$K$198,"2026-09") | D19: =SUMIFS(統合決済履歴!$C$2:$C$198,統合決済履歴!$G$2:$G$198,"Bills",統合決済履歴!$D$2:$D$198,"JPY",統合決済履歴!$F$2:$F$198,"COMPLETED",統合決済履歴!$J$2:$J$198,"愛弓",統合決済履歴!$K$2:$K$198,"2026-09") | E19: =B19*設定!$B$3+C19*設定!$B$4+D19
A20: Eating out | B20: =SUMIFS(統合決済履歴!$C$2:$C$198,統合決済履歴!$G$2:$G$198,"Eating out",統合決済履歴!$D$2:$D$198,"GBP",統合決済履歴!$F$2:$F$198,"COMPLETED",統合決済履歴!$J$2:$J$198,"愛弓",統合決済履歴!$K$2:$K$198,"2026-09") | C20: =SUMIFS(統合決済履歴!$C$2:$C$198,統合決済履歴!$G$2:$G$198,"Eating out",統合決済履歴!$D$2:$D$198,"EUR",統合決済履歴!$F$2:$F$198,"COMPLETED",統合決済履歴!$J$2:$J$198,"愛弓",統合決済履歴!$K$2:$K$198,"2026-09") | D20: =SUMIFS(統合決済履歴!$C$2:$C$198,統合決済履歴!$G$2:$G$198,"Eating out",統合決済履歴!$D$2:$D$198,"JPY",統合決済履歴!$F$2:$F$198,"COMPLETED",統合決済履歴!$J$2:$J$198,"愛弓",統合決済履歴!$K$2:$K$198,"2026-09") | E20: =B20*設定!$B$3+C20*設定!$B$4+D20
A21: Entertainment | B21: =SUMIFS(統合決済履歴!$C$2:$C$198,統合決済履歴!$G$2:$G$198,"Entertainment",統合決済履歴!$D$2:$D$198,"GBP",統合決済履歴!$F$2:$F$198,"COMPLETED",統合決済履歴!$J$2:$J$198,"愛弓",統合決済履歴!$K$2:$K$198,"2026-09") | C21: =SUMIFS(統合決済履歴!$C$2:$C$198,統合決済履歴!$G$2:$G$198,"Entertainment",統合決済履歴!$D$2:$D$198,"EUR",統合決済履歴!$F$2:$F$198,"COMPLETED",統合決済履歴!$J$2:$J$198,"愛弓",統合決済履歴!$K$2:$K$198,"2026-09") | D21: =SUMIFS(統合決済履歴!$C$2:$C$198,統合決済履歴!$G$2:$G$198,"Entertainment",統合決済履歴!$D$2:$D$198,"JPY",統合決済履歴!$F$2:$F$198,"COMPLETED",統合決済履歴!$J$2:$J$198,"愛弓",統合決済履歴!$K$2:$K$198,"2026-09") | E21: =B21*設定!$B$3+C21*設定!$B$4+D21
A22: Family | B22: =SUMIFS(統合決済履歴!$C$2:$C$198,統合決済履歴!$G$2:$G$198,"Family",統合決済履歴!$D$2:$D$198,"GBP",統合決済履歴!$F$2:$F$198,"COMPLETED",統合決済履歴!$J$2:$J$198,"愛弓",統合決済履歴!$K$2:$K$198,"2026-09") | C22: =SUMIFS(統合決済履歴!$C$2:$C$198,統合決済履歴!$G$2:$G$198,"Family",統合決済履歴!$D$2:$D$198,"EUR",統合決済履歴!$F$2:$F$198,"COMPLETED",統合決済履歴!$J$2:$J$198,"愛弓",統合決済履歴!$K$2:$K$198,"2026-09") | D22: =SUMIFS(統合決済履歴!$C$2:$C$198,統合決済履歴!$G$2:$G$198,"Family",統合決済履歴!$D$2:$D$198,"JPY",統合決済履歴!$F$2:$F$198,"COMPLETED",統合決済履歴!$J$2:$J$198,"愛弓",統合決済履歴!$K$2:$K$198,"2026-09") | E22: =B22*設定!$B$3+C22*設定!$B$4+D22
A23: General | B23: =SUMIFS(統合決済履歴!$C$2:$C$198,統合決済履歴!$G$2:$G$198,"General",統合決済履歴!$D$2:$D$198,"GBP",統合決済履歴!$F$2:$F$198,"COMPLETED",統合決済履歴!$J$2:$J$198,"愛弓",統合決済履歴!$K$2:$K$198,"2026-09") | C23: =SUMIFS(統合決済履歴!$C$2:$C$198,統合決済履歴!$G$2:$G$198,"General",統合決済履歴!$D$2:$D$198,"EUR",統合決済履歴!$F$2:$F$198,"COMPLETED",統合決済履歴!$J$2:$J$198,"愛弓",統合決済履歴!$K$2:$K$198,"2026-09") | D23: =SUMIFS(統合決済履歴!$C$2:$C$198,統合決済履歴!$G$2:$G$198,"General",統合決済履歴!$D$2:$D$198,"JPY",統合決済履歴!$F$2:$F$198,"COMPLETED",統合決済履歴!$J$2:$J$198,"愛弓",統合決済履歴!$K$2:$K$198,"2026-09") | E23: =B23*設定!$B$3+C23*設定!$B$4+D23
A24: Groceries | B24: =SUMIFS(統合決済履歴!$C$2:$C$198,統合決済履歴!$G$2:$G$198,"Groceries",統合決済履歴!$D$2:$D$198,"GBP",統合決済履歴!$F$2:$F$198,"COMPLETED",統合決済履歴!$J$2:$J$198,"愛弓",統合決済履歴!$K$2:$K$198,"2026-09") | C24: =SUMIFS(統合決済履歴!$C$2:$C$198,統合決済履歴!$G$2:$G$198,"Groceries",統合決済履歴!$D$2:$D$198,"EUR",統合決済履歴!$F$2:$F$198,"COMPLETED",統合決済履歴!$J$2:$J$198,"愛弓",統合決済履歴!$K$2:$K$198,"2026-09") | D24: =SUMIFS(統合決済履歴!$C$2:$C$198,統合決済履歴!$G$2:$G$198,"Groceries",統合決済履歴!$D$2:$D$198,"JPY",統合決済履歴!$F$2:$F$198,"COMPLETED",統合決済履歴!$J$2:$J$198,"愛弓",統合決済履歴!$K$2:$K$198,"2026-09") | E24: =B24*設定!$B$3+C24*設定!$B$4+D24
A25: Money added | B25: =SUMIFS(統合決済履歴!$C$2:$C$198,統合決済履歴!$G$2:$G$198,"Money added",統合決済履歴!$D$2:$D$198,"GBP",統合決済履歴!$F$2:$F$198,"COMPLETED",統合決済履歴!$J$2:$J$198,"愛弓",統合決済履歴!$K$2:$K$198,"2026-09") | C25: =SUMIFS(統合決済履歴!$C$2:$C$198,統合決済履歴!$G$2:$G$198,"Money added",統合決済履歴!$D$2:$D$198,"EUR",統合決済履歴!$F$2:$F$198,"COMPLETED",統合決済履歴!$J$2:$J$198,"愛弓",統合決済履歴!$K$2:$K$198,"2026-09") | D25: =SUMIFS(統合決済履歴!$C$2:$C$198,統合決済履歴!$G$2:$G$198,"Money added",統合決済履歴!$D$2:$D$198,"JPY",統合決済履歴!$F$2:$F$198,"COMPLETED",統合決済履歴!$J$2:$J$198,"愛弓",統合決済履歴!$K$2:$K$198,"2026-09") | E25: =B25*設定!$B$3+C25*設定!$B$4+D25
A26: Personal care | B26: =SUMIFS(統合決済履歴!$C$2:$C$198,統合決済履歴!$G$2:$G$198,"Personal care",統合決済履歴!$D$2:$D$198,"GBP",統合決済履歴!$F$2:$F$198,"COMPLETED",統合決済履歴!$J$2:$J$198,"愛弓",統合決済履歴!$K$2:$K$198,"2026-09") | C26: =SUMIFS(統合決済履歴!$C$2:$C$198,統合決済履歴!$G$2:$G$198,"Personal care",統合決済履歴!$D$2:$D$198,"EUR",統合決済履歴!$F$2:$F$198,"COMPLETED",統合決済履歴!$J$2:$J$198,"愛弓",統合決済履歴!$K$2:$K$198,"2026-09") | D26: =SUMIFS(統合決済履歴!$C$2:$C$198,統合決済履歴!$G$2:$G$198,"Personal care",統合決済履歴!$D$2:$D$198,"JPY",統合決済履歴!$F$2:$F$198,"COMPLETED",統合決済履歴!$J$2:$J$198,"愛弓",統合決済履歴!$K$2:$K$198,"2026-09") | E26: =B26*設定!$B$3+C26*設定!$B$4+D26
A27: Shopping | B27: =SUMIFS(統合決済履歴!$C$2:$C$198,統合決済履歴!$G$2:$G$198,"Shopping",統合決済履歴!$D$2:$D$198,"GBP",統合決済履歴!$F$2:$F$198,"COMPLETED",統合決済履歴!$J$2:$J$198,"愛弓",統合決済履歴!$K$2:$K$198,"2026-09") | C27: =SUMIFS(統合決済履歴!$C$2:$C$198,統合決済履歴!$G$2:$G$198,"Shopping",統合決済履歴!$D$2:$D$198,"EUR",統合決済履歴!$F$2:$F$198,"COMPLETED",統合決済履歴!$J$2:$J$198,"愛弓",統合決済履歴!$K$2:$K$198,"2026-09") | D27: =SUMIFS(統合決済履歴!$C$2:$C$198,統合決済履歴!$G$2:$G$198,"Shopping",統合決済履歴!$D$2:$D$198,"JPY",統合決済履歴!$F$2:$F$198,"COMPLETED",統合決済履歴!$J$2:$J$198,"愛弓",統合決済履歴!$K$2:$K$198,"2026-09") | E27: =B27*設定!$B$3+C27*設定!$B$4+D27
A28: Transport | B28: =SUMIFS(統合決済履歴!$C$2:$C$198,統合決済履歴!$G$2:$G$198,"Transport",統合決済履歴!$D$2:$D$198,"GBP",統合決済履歴!$F$2:$F$198,"COMPLETED",統合決済履歴!$J$2:$J$198,"愛弓",統合決済履歴!$K$2:$K$198,"2026-09") | C28: =SUMIFS(統合決済履歴!$C$2:$C$198,統合決済履歴!$G$2:$G$198,"Transport",統合決済履歴!$D$2:$D$198,"EUR",統合決済履歴!$F$2:$F$198,"COMPLETED",統合決済履歴!$J$2:$J$198,"愛弓",統合決済履歴!$K$2:$K$198,"2026-09") | D28: =SUMIFS(統合決済履歴!$C$2:$C$198,統合決済履歴!$G$2:$G$198,"Transport",統合決済履歴!$D$2:$D$198,"JPY",統合決済履歴!$F$2:$F$198,"COMPLETED",統合決済履歴!$J$2:$J$198,"愛弓",統合決済履歴!$K$2:$K$198,"2026-09") | E28: =B28*設定!$B$3+C28*設定!$B$4+D28
A29: 合計 | B29: =SUM(B19:B28) | C29: =SUM(C19:C28) | D29: =SUM(D19:D28) | E29: =SUM(E19:E28)
A31: ■ 共通
A32: カテゴリ | B32: GBP 合計 | C32: EUR 合計 | D32: JPY 合計 | E32: JPY換算合計
A33: Bills | B33: =SUMIFS(統合決済履歴!$C$2:$C$198,統合決済履歴!$G$2:$G$198,"Bills",統合決済履歴!$D$2:$D$198,"GBP",統合決済履歴!$F$2:$F$198,"COMPLETED",統合決済履歴!$J$2:$J$198,"共通",統合決済履歴!$K$2:$K$198,"2026-09") | C33: =SUMIFS(統合決済履歴!$C$2:$C$198,統合決済履歴!$G$2:$G$198,"Bills",統合決済履歴!$D$2:$D$198,"EUR",統合決済履歴!$F$2:$F$198,"COMPLETED",統合決済履歴!$J$2:$J$198,"共通",統合決済履歴!$K$2:$K$198,"2026-09") | D33: =SUMIFS(統合決済履歴!$C$2:$C$198,統合決済履歴!$G$2:$G$198,"Bills",統合決済履歴!$D$2:$D$198,"JPY",統合決済履歴!$F$2:$F$198,"COMPLETED",統合決済履歴!$J$2:$J$198,"共通",統合決済履歴!$K$2:$K$198,"2026-09") | E33: =B33*設定!$B$3+C33*設定!$B$4+D33
A34: Eating out | B34: =SUMIFS(統合決済履歴!$C$2:$C$198,統合決済履歴!$G$2:$G$198,"Eating out",統合決済履歴!$D$2:$D$198,"GBP",統合決済履歴!$F$2:$F$198,"COMPLETED",統合決済履歴!$J$2:$J$198,"共通",統合決済履歴!$K$2:$K$198,"2026-09") | C34: =SUMIFS(統合決済履歴!$C$2:$C$198,統合決済履歴!$G$2:$G$198,"Eating out",統合決済履歴!$D$2:$D$198,"EUR",統合決済履歴!$F$2:$F$198,"COMPLETED",統合決済履歴!$J$2:$J$198,"共通",統合決済履歴!$K$2:$K$198,"2026-09") | D34: =SUMIFS(統合決済履歴!$C$2:$C$198,統合決済履歴!$G$2:$G$198,"Eating out",統合決済履歴!$D$2:$D$198,"JPY",統合決済履歴!$F$2:$F$198,"COMPLETED",統合決済履歴!$J$2:$J$198,"共通",統合決済履歴!$K$2:$K$198,"2026-09") | E34: =B34*設定!$B$3+C34*設定!$B$4+D34
A35: Entertainment | B35: =SUMIFS(統合決済履歴!$C$2:$C$198,統合決済履歴!$G$2:$G$198,"Entertainment",統合決済履歴!$D$2:$D$198,"GBP",統合決済履歴!$F$2:$F$198,"COMPLETED",統合決済履歴!$J$2:$J$198,"共通",統合決済履歴!$K$2:$K$198,"2026-09") | C35: =SUMIFS(統合決済履歴!$C$2:$C$198,統合決済履歴!$G$2:$G$198,"Entertainment",統合決済履歴!$D$2:$D$198,"EUR",統合決済履歴!$F$2:$F$198,"COMPLETED",統合決済履歴!$J$2:$J$198,"共通",統合決済履歴!$K$2:$K$198,"2026-09") | D35: =SUMIFS(統合決済履歴!$C$2:$C$198,統合決済履歴!$G$2:$G$198,"Entertainment",統合決済履歴!$D$2:$D$198,"JPY",統合決済履歴!$F$2:$F$198,"COMPLETED",統合決済履歴!$J$2:$J$198,"共通",統合決済履歴!$K$2:$K$198,"2026-09") | E35: =B35*設定!$B$3+C35*設定!$B$4+D35
A36: Family | B36: =SUMIFS(統合決済履歴!$C$2:$C$198,統合決済履歴!$G$2:$G$198,"Family",統合決済履歴!$D$2:$D$198,"GBP",統合決済履歴!$F$2:$F$198,"COMPLETED",統合決済履歴!$J$2:$J$198,"共通",統合決済履歴!$K$2:$K$198,"2026-09") | C36: =SUMIFS(統合決済履歴!$C$2:$C$198,統合決済履歴!$G$2:$G$198,"Family",統合決済履歴!$D$2:$D$198,"EUR",統合決済履歴!$F$2:$F$198,"COMPLETED",統合決済履歴!$J$2:$J$198,"共通",統合決済履歴!$K$2:$K$198,"2026-09") | D36: =SUMIFS(統合決済履歴!$C$2:$C$198,統合決済履歴!$G$2:$G$198,"Family",統合決済履歴!$D$2:$D$198,"JPY",統合決済履歴!$F$2:$F$198,"COMPLETED",統合決済履歴!$J$2:$J$198,"共通",統合決済履歴!$K$2:$K$198,"2026-09") | E36: =B36*設定!$B$3+C36*設定!$B$4+D36
A37: General | B37: =SUMIFS(統合決済履歴!$C$2:$C$198,統合決済履歴!$G$2:$G$198,"General",統合決済履歴!$D$2:$D$198,"GBP",統合決済履歴!$F$2:$F$198,"COMPLETED",統合決済履歴!$J$2:$J$198,"共通",統合決済履歴!$K$2:$K$198,"2026-09") | C37: =SUMIFS(統合決済履歴!$C$2:$C$198,統合決済履歴!$G$2:$G$198,"General",統合決済履歴!$D$2:$D$198,"EUR",統合決済履歴!$F$2:$F$198,"COMPLETED",統合決済履歴!$J$2:$J$198,"共通",統合決済履歴!$K$2:$K$198,"2026-09") | D37: =SUMIFS(統合決済履歴!$C$2:$C$198,統合決済履歴!$G$2:$G$198,"General",統合決済履歴!$D$2:$D$198,"JPY",統合決済履歴!$F$2:$F$198,"COMPLETED",統合決済履歴!$J$2:$J$198,"共通",統合決済履歴!$K$2:$K$198,"2026-09") | E37: =B37*設定!$B$3+C37*設定!$B$4+D37
A38: Groceries | B38: =SUMIFS(統合決済履歴!$C$2:$C$198,統合決済履歴!$G$2:$G$198,"Groceries",統合決済履歴!$D$2:$D$198,"GBP",統合決済履歴!$F$2:$F$198,"COMPLETED",統合決済履歴!$J$2:$J$198,"共通",統合決済履歴!$K$2:$K$198,"2026-09") | C38: =SUMIFS(統合決済履歴!$C$2:$C$198,統合決済履歴!$G$2:$G$198,"Groceries",統合決済履歴!$D$2:$D$198,"EUR",統合決済履歴!$F$2:$F$198,"COMPLETED",統合決済履歴!$J$2:$J$198,"共通",統合決済履歴!$K$2:$K$198,"2026-09") | D38: =SUMIFS(統合決済履歴!$C$2:$C$198,統合決済履歴!$G$2:$G$198,"Groceries",統合決済履歴!$D$2:$D$198,"JPY",統合決済履歴!$F$2:$F$198,"COMPLETED",統合決済履歴!$J$2:$J$198,"共通",統合決済履歴!$K$2:$K$198,"2026-09") | E38: =B38*設定!$B$3+C38*設定!$B$4+D38
A39: Money added | B39: =SUMIFS(統合決済履歴!$C$2:$C$198,統合決済履歴!$G$2:$G$198,"Money added",統合決済履歴!$D$2:$D$198,"GBP",統合決済履歴!$F$2:$F$198,"COMPLETED",統合決済履歴!$J$2:$J$198,"共通",統合決済履歴!$K$2:$K$198,"2026-09") | C39: =SUMIFS(統合決済履歴!$C$2:$C$198,統合決済履歴!$G$2:$G$198,"Money added",統合決済履歴!$D$2:$D$198,"EUR",統合決済履歴!$F$2:$F$198,"COMPLETED",統合決済履歴!$J$2:$J$198,"共通",統合決済履歴!$K$2:$K$198,"2026-09") | D39: =SUMIFS(統合決済履歴!$C$2:$C$198,統合決済履歴!$G$2:$G$198,"Money added",統合決済履歴!$D$2:$D$198,"JPY",統合決済履歴!$F$2:$F$198,"COMPLETED",統合決済履歴!$J$2:$J$198,"共通",統合決済履歴!$K$2:$K$198,"2026-09") | E39: =B39*設定!$B$3+C39*設定!$B$4+D39
A40: Personal care | B40: =SUMIFS(統合決済履歴!$C$2:$C$198,統合決済履歴!$G$2:$G$198,"Personal care",統合決済履歴!$D$2:$D$198,"GBP",統合決済履歴!$F$2:$F$198,"COMPLETED",統合決済履歴!$J$2:$J$198,"共通",統合決済履歴!$K$2:$K$198,"2026-09") | C40: =SUMIFS(統合決済履歴!$C$2:$C$198,統合決済履歴!$G$2:$G$198,"Personal care",統合決済履歴!$D$2:$D$198,"EUR",統合決済履歴!$F$2:$F$198,"COMPLETED",統合決済履歴!$J$2:$J$198,"共通",統合決済履歴!$K$2:$K$198,"2026-09") | D40: =SUMIFS(統合決済履歴!$C$2:$C$198,統合決済履歴!$G$2:$G$198,"Personal care",統合決済履歴!$D$2:$D$198,"JPY",統合決済履歴!$F$2:$F$198,"COMPLETED",統合決済履歴!$J$2:$J$198,"共通",統合決済履歴!$K$2:$K$198,"2026-09") | E40: =B40*設定!$B$3+C40*設定!$B$4+D40
A41: Shopping | B41: =SUMIFS(統合決済履歴!$C$2:$C$198,統合決済履歴!$G$2:$G$198,"Shopping",統合決済履歴!$D$2:$D$198,"GBP",統合決済履歴!$F$2:$F$198,"COMPLETED",統合決済履歴!$J$2:$J$198,"共通",統合決済履歴!$K$2:$K$198,"2026-09") | C41: =SUMIFS(統合決済履歴!$C$2:$C$198,統合決済履歴!$G$2:$G$198,"Shopping",統合決済履歴!$D$2:$D$198,"EUR",統合決済履歴!$F$2:$F$198,"COMPLETED",統合決済履歴!$J$2:$J$198,"共通",統合決済履歴!$K$2:$K$198,"2026-09") | D41: =SUMIFS(統合決済履歴!$C$2:$C$198,統合決済履歴!$G$2:$G$198,"Shopping",統合決済履歴!$D$2:$D$198,"JPY",統合決済履歴!$F$2:$F$198,"COMPLETED",統合決済履歴!$J$2:$J$198,"共通",統合決済履歴!$K$2:$K$198,"2026-09") | E41: =B41*設定!$B$3+C41*設定!$B$4+D41
A42: Transport | B42: =SUMIFS(統合決済履歴!$C$2:$C$198,統合決済履歴!$G$2:$G$198,"Transport",統合決済履歴!$D$2:$D$198,"GBP",統合決済履歴!$F$2:$F$198,"COMPLETED",統合決済履歴!$J$2:$J$198,"共通",統合決済履歴!$K$2:$K$198,"2026-09") | C42: =SUMIFS(統合決済履歴!$C$2:$C$198,統合決済履歴!$G$2:$G$198,"Transport",統合決済履歴!$D$2:$D$198,"EUR",統合決済履歴!$F$2:$F$198,"COMPLETED",統合決済履歴!$J$2:$J$198,"共通",統合決済履歴!$K$2:$K$198,"2026-09") | D42: =SUMIFS(統合決済履歴!$C$2:$C$198,統合決済履歴!$G$2:$G$198,"Transport",統合決済履歴!$D$2:$D$198,"JPY",統合決済履歴!$F$2:$F$198,"COMPLETED",統合決済履歴!$J$2:$J$198,"共通",統合決済履歴!$K$2:$K$198,"2026-09") | E42: =B42*設定!$B$3+C42*設定!$B$4+D42
A43: 合計 | B43: =SUM(B33:B42) | C43: =SUM(C33:C42) | D43: =SUM(D33:D42) | E43: =SUM(E33:E42)
A45: ■ 合計（聖也＋愛弓＋共通、除外を除く）
A46: カテゴリ | B46: GBP 合計 | C46: EUR 合計 | D46: JPY 合計 | E46: JPY換算合計
A47: Bills | B47: =SUMIFS(統合決済履歴!$C$2:$C$198,統合決済履歴!$G$2:$G$198,"Bills",統合決済履歴!$D$2:$D$198,"GBP",統合決済履歴!$F$2:$F$198,"COMPLETED",統合決済履歴!$J$2:$J$198,"<>除外",統合決済履歴!$K$2:$K$198,"2026-09") | C47: =SUMIFS(統合決済履歴!$C$2:$C$198,統合決済履歴!$G$2:$G$198,"Bills",統合決済履歴!$D$2:$D$198,"EUR",統合決済履歴!$F$2:$F$198,"COMPLETED",統合決済履歴!$J$2:$J$198,"<>除外",統合決済履歴!$K$2:$K$198,"2026-09") | D47: =SUMIFS(統合決済履歴!$C$2:$C$198,統合決済履歴!$G$2:$G$198,"Bills",統合決済履歴!$D$2:$D$198,"JPY",統合決済履歴!$F$2:$F$198,"COMPLETED",統合決済履歴!$J$2:$J$198,"<>除外",統合決済履歴!$K$2:$K$198,"2026-09") | E47: =B47*設定!$B$3+C47*設定!$B$4+D47
A48: Eating out | B48: =SUMIFS(統合決済履歴!$C$2:$C$198,統合決済履歴!$G$2:$G$198,"Eating out",統合決済履歴!$D$2:$D$198,"GBP",統合決済履歴!$F$2:$F$198,"COMPLETED",統合決済履歴!$J$2:$J$198,"<>除外",統合決済履歴!$K$2:$K$198,"2026-09") | C48: =SUMIFS(統合決済履歴!$C$2:$C$198,統合決済履歴!$G$2:$G$198,"Eating out",統合決済履歴!$D$2:$D$198,"EUR",統合決済履歴!$F$2:$F$198,"COMPLETED",統合決済履歴!$J$2:$J$198,"<>除外",統合決済履歴!$K$2:$K$198,"2026-09") | D48: =SUMIFS(統合決済履歴!$C$2:$C$198,統合決済履歴!$G$2:$G$198,"Eating out",統合決済履歴!$D$2:$D$198,"JPY",統合決済履歴!$F$2:$F$198,"COMPLETED",統合決済履歴!$J$2:$J$198,"<>除外",統合決済履歴!$K$2:$K$198,"2026-09") | E48: =B48*設定!$B$3+C48*設定!$B$4+D48
A49: Entertainment | B49: =SUMIFS(統合決済履歴!$C$2:$C$198,統合決済履歴!$G$2:$G$198,"Entertainment",統合決済履歴!$D$2:$D$198,"GBP",統合決済履歴!$F$2:$F$198,"COMPLETED",統合決済履歴!$J$2:$J$198,"<>除外",統合決済履歴!$K$2:$K$198,"2026-09") | C49: =SUMIFS(統合決済履歴!$C$2:$C$198,統合決済履歴!$G$2:$G$198,"Entertainment",統合決済履歴!$D$2:$D$198,"EUR",統合決済履歴!$F$2:$F$198,"COMPLETED",統合決済履歴!$J$2:$J$198,"<>除外",統合決済履歴!$K$2:$K$198,"2026-09") | D49: =SUMIFS(統合決済履歴!$C$2:$C$198,統合決済履歴!$G$2:$G$198,"Entertainment",統合決済履歴!$D$2:$D$198,"JPY",統合決済履歴!$F$2:$F$198,"COMPLETED",統合決済履歴!$J$2:$J$198,"<>除外",統合決済履歴!$K$2:$K$198,"2026-09") | E49: =B49*設定!$B$3+C49*設定!$B$4+D49
A50: Family | B50: =SUMIFS(統合決済履歴!$C$2:$C$198,統合決済履歴!$G$2:$G$198,"Family",統合決済履歴!$D$2:$D$198,"GBP",統合決済履歴!$F$2:$F$198,"COMPLETED",統合決済履歴!$J$2:$J$198,"<>除外",統合決済履歴!$K$2:$K$198,"2026-09") | C50: =SUMIFS(統合決済履歴!$C$2:$C$198,統合決済履歴!$G$2:$G$198,"Family",統合決済履歴!$D$2:$D$198,"EUR",統合決済履歴!$F$2:$F$198,"COMPLETED",統合決済履歴!$J$2:$J$198,"<>除外",統合決済履歴!$K$2:$K$198,"2026-09") | D50: =SUMIFS(統合決済履歴!$C$2:$C$198,統合決済履歴!$G$2:$G$198,"Family",統合決済履歴!$D$2:$D$198,"JPY",統合決済履歴!$F$2:$F$198,"COMPLETED",統合決済履歴!$J$2:$J$198,"<>除外",統合決済履歴!$K$2:$K$198,"2026-09") | E50: =B50*設定!$B$3+C50*設定!$B$4+D50
A51: General | B51: =SUMIFS(統合決済履歴!$C$2:$C$198,統合決済履歴!$G$2:$G$198,"General",統合決済履歴!$D$2:$D$198,"GBP",統合決済履歴!$F$2:$F$198,"COMPLETED",統合決済履歴!$J$2:$J$198,"<>除外",統合決済履歴!$K$2:$K$198,"2026-09") | C51: =SUMIFS(統合決済履歴!$C$2:$C$198,統合決済履歴!$G$2:$G$198,"General",統合決済履歴!$D$2:$D$198,"EUR",統合決済履歴!$F$2:$F$198,"COMPLETED",統合決済履歴!$J$2:$J$198,"<>除外",統合決済履歴!$K$2:$K$198,"2026-09") | D51: =SUMIFS(統合決済履歴!$C$2:$C$198,統合決済履歴!$G$2:$G$198,"General",統合決済履歴!$D$2:$D$198,"JPY",統合決済履歴!$F$2:$F$198,"COMPLETED",統合決済履歴!$J$2:$J$198,"<>除外",統合決済履歴!$K$2:$K$198,"2026-09") | E51: =B51*設定!$B$3+C51*設定!$B$4+D51
A52: Groceries | B52: =SUMIFS(統合決済履歴!$C$2:$C$198,統合決済履歴!$G$2:$G$198,"Groceries",統合決済履歴!$D$2:$D$198,"GBP",統合決済履歴!$F$2:$F$198,"COMPLETED",統合決済履歴!$J$2:$J$198,"<>除外",統合決済履歴!$K$2:$K$198,"2026-09") | C52: =SUMIFS(統合決済履歴!$C$2:$C$198,統合決済履歴!$G$2:$G$198,"Groceries",統合決済履歴!$D$2:$D$198,"EUR",統合決済履歴!$F$2:$F$198,"COMPLETED",統合決済履歴!$J$2:$J$198,"<>除外",統合決済履歴!$K$2:$K$198,"2026-09") | D52: =SUMIFS(統合決済履歴!$C$2:$C$198,統合決済履歴!$G$2:$G$198,"Groceries",統合決済履歴!$D$2:$D$198,"JPY",統合決済履歴!$F$2:$F$198,"COMPLETED",統合決済履歴!$J$2:$J$198,"<>除外",統合決済履歴!$K$2:$K$198,"2026-09") | E52: =B52*設定!$B$3+C52*設定!$B$4+D52
A53: Money added | B53: =SUMIFS(統合決済履歴!$C$2:$C$198,統合決済履歴!$G$2:$G$198,"Money added",統合決済履歴!$D$2:$D$198,"GBP",統合決済履歴!$F$2:$F$198,"COMPLETED",統合決済履歴!$J$2:$J$198,"<>除外",統合決済履歴!$K$2:$K$198,"2026-09") | C53: =SUMIFS(統合決済履歴!$C$2:$C$198,統合決済履歴!$G$2:$G$198,"Money added",統合決済履歴!$D$2:$D$198,"EUR",統合決済履歴!$F$2:$F$198,"COMPLETED",統合決済履歴!$J$2:$J$198,"<>除外",統合決済履歴!$K$2:$K$198,"2026-09") | D53: =SUMIFS(統合決済履歴!$C$2:$C$198,統合決済履歴!$G$2:$G$198,"Money added",統合決済履歴!$D$2:$D$198,"JPY",統合決済履歴!$F$2:$F$198,"COMPLETED",統合決済履歴!$J$2:$J$198,"<>除外",統合決済履歴!$K$2:$K$198,"2026-09") | E53: =B53*設定!$B$3+C53*設定!$B$4+D53
A54: Personal care | B54: =SUMIFS(統合決済履歴!$C$2:$C$198,統合決済履歴!$G$2:$G$198,"Personal care",統合決済履歴!$D$2:$D$198,"GBP",統合決済履歴!$F$2:$F$198,"COMPLETED",統合決済履歴!$J$2:$J$198,"<>除外",統合決済履歴!$K$2:$K$198,"2026-09") | C54: =SUMIFS(統合決済履歴!$C$2:$C$198,統合決済履歴!$G$2:$G$198,"Personal care",統合決済履歴!$D$2:$D$198,"EUR",統合決済履歴!$F$2:$F$198,"COMPLETED",統合決済履歴!$J$2:$J$198,"<>除外",統合決済履歴!$K$2:$K$198,"2026-09") | D54: =SUMIFS(統合決済履歴!$C$2:$C$198,統合決済履歴!$G$2:$G$198,"Personal care",統合決済履歴!$D$2:$D$198,"JPY",統合決済履歴!$F$2:$F$198,"COMPLETED",統合決済履歴!$J$2:$J$198,"<>除外",統合決済履歴!$K$2:$K$198,"2026-09") | E54: =B54*設定!$B$3+C54*設定!$B$4+D54
A55: Shopping | B55: =SUMIFS(統合決済履歴!$C$2:$C$198,統合決済履歴!$G$2:$G$198,"Shopping",統合決済履歴!$D$2:$D$198,"GBP",統合決済履歴!$F$2:$F$198,"COMPLETED",統合決済履歴!$J$2:$J$198,"<>除外",統合決済履歴!$K$2:$K$198,"2026-09") | C55: =SUMIFS(統合決済履歴!$C$2:$C$198,統合決済履歴!$G$2:$G$198,"Shopping",統合決済履歴!$D$2:$D$198,"EUR",統合決済履歴!$F$2:$F$198,"COMPLETED",統合決済履歴!$J$2:$J$198,"<>除外",統合決済履歴!$K$2:$K$198,"2026-09") | D55: =SUMIFS(統合決済履歴!$C$2:$C$198,統合決済履歴!$G$2:$G$198,"Shopping",統合決済履歴!$D$2:$D$198,"JPY",統合決済履歴!$F$2:$F$198,"COMPLETED",統合決済履歴!$J$2:$J$198,"<>除外",統合決済履歴!$K$2:$K$198,"2026-09") | E55: =B55*設定!$B$3+C55*設定!$B$4+D55
A56: Transport | B56: =SUMIFS(統合決済履歴!$C$2:$C$198,統合決済履歴!$G$2:$G$198,"Transport",統合決済履歴!$D$2:$D$198,"GBP",統合決済履歴!$F$2:$F$198,"COMPLETED",統合決済履歴!$J$2:$J$198,"<>除外",統合決済履歴!$K$2:$K$198,"2026-09") | C56: =SUMIFS(統合決済履歴!$C$2:$C$198,統合決済履歴!$G$2:$G$198,"Transport",統合決済履歴!$D$2:$D$198,"EUR",統合決済履歴!$F$2:$F$198,"COMPLETED",統合決済履歴!$J$2:$J$198,"<>除外",統合決済履歴!$K$2:$K$198,"2026-09") | D56: =SUMIFS(統合決済履歴!$C$2:$C$198,統合決済履歴!$G$2:$G$198,"Transport",統合決済履歴!$D$2:$D$198,"JPY",統合決済履歴!$F$2:$F$198,"COMPLETED",統合決済履歴!$J$2:$J$198,"<>除外",統合決済履歴!$K$2:$K$198,"2026-09") | E56: =B56*設定!$B$3+C56*設定!$B$4+D56
A57: 合計 | B57: =SUM(B47:B56) | C57: =SUM(C47:C56) | D57: =SUM(D47:D56) | E57: =SUM(E47:E56)
A59: ■ 除外（参考・合計には含めない）
A60: カテゴリ | B60: GBP 合計 | C60: EUR 合計 | D60: JPY 合計 | E60: JPY換算合計
A61: Bills | B61: =SUMIFS(統合決済履歴!$C$2:$C$198,統合決済履歴!$G$2:$G$198,"Bills",統合決済履歴!$D$2:$D$198,"GBP",統合決済履歴!$F$2:$F$198,"COMPLETED",統合決済履歴!$J$2:$J$198,"除外",統合決済履歴!$K$2:$K$198,"2026-09") | C61: =SUMIFS(統合決済履歴!$C$2:$C$198,統合決済履歴!$G$2:$G$198,"Bills",統合決済履歴!$D$2:$D$198,"EUR",統合決済履歴!$F$2:$F$198,"COMPLETED",統合決済履歴!$J$2:$J$198,"除外",統合決済履歴!$K$2:$K$198,"2026-09") | D61: =SUMIFS(統合決済履歴!$C$2:$C$198,統合決済履歴!$G$2:$G$198,"Bills",統合決済履歴!$D$2:$D$198,"JPY",統合決済履歴!$F$2:$F$198,"COMPLETED",統合決済履歴!$J$2:$J$198,"除外",統合決済履歴!$K$2:$K$198,"2026-09") | E61: =B61*設定!$B$3+C61*設定!$B$4+D61
A62: Eating out | B62: =SUMIFS(統合決済履歴!$C$2:$C$198,統合決済履歴!$G$2:$G$198,"Eating out",統合決済履歴!$D$2:$D$198,"GBP",統合決済履歴!$F$2:$F$198,"COMPLETED",統合決済履歴!$J$2:$J$198,"除外",統合決済履歴!$K$2:$K$198,"2026-09") | C62: =SUMIFS(統合決済履歴!$C$2:$C$198,統合決済履歴!$G$2:$G$198,"Eating out",統合決済履歴!$D$2:$D$198,"EUR",統合決済履歴!$F$2:$F$198,"COMPLETED",統合決済履歴!$J$2:$J$198,"除外",統合決済履歴!$K$2:$K$198,"2026-09") | D62: =SUMIFS(統合決済履歴!$C$2:$C$198,統合決済履歴!$G$2:$G$198,"Eating out",統合決済履歴!$D$2:$D$198,"JPY",統合決済履歴!$F$2:$F$198,"COMPLETED",統合決済履歴!$J$2:$J$198,"除外",統合決済履歴!$K$2:$K$198,"2026-09") | E62: =B62*設定!$B$3+C62*設定!$B$4+D62
A63: Entertainment | B63: =SUMIFS(統合決済履歴!$C$2:$C$198,統合決済履歴!$G$2:$G$198,"Entertainment",統合決済履歴!$D$2:$D$198,"GBP",統合決済履歴!$F$2:$F$198,"COMPLETED",統合決済履歴!$J$2:$J$198,"除外",統合決済履歴!$K$2:$K$198,"2026-09") | C63: =SUMIFS(統合決済履歴!$C$2:$C$198,統合決済履歴!$G$2:$G$198,"Entertainment",統合決済履歴!$D$2:$D$198,"EUR",統合決済履歴!$F$2:$F$198,"COMPLETED",統合決済履歴!$J$2:$J$198,"除外",統合決済履歴!$K$2:$K$198,"2026-09") | D63: =SUMIFS(統合決済履歴!$C$2:$C$198,統合決済履歴!$G$2:$G$198,"Entertainment",統合決済履歴!$D$2:$D$198,"JPY",統合決済履歴!$F$2:$F$198,"COMPLETED",統合決済履歴!$J$2:$J$198,"除外",統合決済履歴!$K$2:$K$198,"2026-09") | E63: =B63*設定!$B$3+C63*設定!$B$4+D63
A64: Family | B64: =SUMIFS(統合決済履歴!$C$2:$C$198,統合決済履歴!$G$2:$G$198,"Family",統合決済履歴!$D$2:$D$198,"GBP",統合決済履歴!$F$2:$F$198,"COMPLETED",統合決済履歴!$J$2:$J$198,"除外",統合決済履歴!$K$2:$K$198,"2026-09") | C64: =SUMIFS(統合決済履歴!$C$2:$C$198,統合決済履歴!$G$2:$G$198,"Family",統合決済履歴!$D$2:$D$198,"EUR",統合決済履歴!$F$2:$F$198,"COMPLETED",統合決済履歴!$J$2:$J$198,"除外",統合決済履歴!$K$2:$K$198,"2026-09") | D64: =SUMIFS(統合決済履歴!$C$2:$C$198,統合決済履歴!$G$2:$G$198,"Family",統合決済履歴!$D$2:$D$198,"JPY",統合決済履歴!$F$2:$F$198,"COMPLETED",統合決済履歴!$J$2:$J$198,"除外",統合決済履歴!$K$2:$K$198,"2026-09") | E64: =B64*設定!$B$3+C64*設定!$B$4+D64
A65: General | B65: =SUMIFS(統合決済履歴!$C$2:$C$198,統合決済履歴!$G$2:$G$198,"General",統合決済履歴!$D$2:$D$198,"GBP",統合決済履歴!$F$2:$F$198,"COMPLETED",統合決済履歴!$J$2:$J$198,"除外",統合決済履歴!$K$2:$K$198,"2026-09") | C65: =SUMIFS(統合決済履歴!$C$2:$C$198,統合決済履歴!$G$2:$G$198,"General",統合決済履歴!$D$2:$D$198,"EUR",統合決済履歴!$F$2:$F$198,"COMPLETED",統合決済履歴!$J$2:$J$198,"除外",統合決済履歴!$K$2:$K$198,"2026-09") | D65: =SUMIFS(統合決済履歴!$C$2:$C$198,統合決済履歴!$G$2:$G$198,"General",統合決済履歴!$D$2:$D$198,"JPY",統合決済履歴!$F$2:$F$198,"COMPLETED",統合決済履歴!$J$2:$J$198,"除外",統合決済履歴!$K$2:$K$198,"2026-09") | E65: =B65*設定!$B$3+C65*設定!$B$4+D65
A66: Groceries | B66: =SUMIFS(統合決済履歴!$C$2:$C$198,統合決済履歴!$G$2:$G$198,"Groceries",統合決済履歴!$D$2:$D$198,"GBP",統合決済履歴!$F$2:$F$198,"COMPLETED",統合決済履歴!$J$2:$J$198,"除外",統合決済履歴!$K$2:$K$198,"2026-09") | C66: =SUMIFS(統合決済履歴!$C$2:$C$198,統合決済履歴!$G$2:$G$198,"Groceries",統合決済履歴!$D$2:$D$198,"EUR",統合決済履歴!$F$2:$F$198,"COMPLETED",統合決済履歴!$J$2:$J$198,"除外",統合決済履歴!$K$2:$K$198,"2026-09") | D66: =SUMIFS(統合決済履歴!$C$2:$C$198,統合決済履歴!$G$2:$G$198,"Groceries",統合決済履歴!$D$2:$D$198,"JPY",統合決済履歴!$F$2:$F$198,"COMPLETED",統合決済履歴!$J$2:$J$198,"除外",統合決済履歴!$K$2:$K$198,"2026-09") | E66: =B66*設定!$B$3+C66*設定!$B$4+D66
A67: Money added | B67: =SUMIFS(統合決済履歴!$C$2:$C$198,統合決済履歴!$G$2:$G$198,"Money added",統合決済履歴!$D$2:$D$198,"GBP",統合決済履歴!$F$2:$F$198,"COMPLETED",統合決済履歴!$J$2:$J$198,"除外",統合決済履歴!$K$2:$K$198,"2026-09") | C67: =SUMIFS(統合決済履歴!$C$2:$C$198,統合決済履歴!$G$2:$G$198,"Money added",統合決済履歴!$D$2:$D$198,"EUR",統合決済履歴!$F$2:$F$198,"COMPLETED",統合決済履歴!$J$2:$J$198,"除外",統合決済履歴!$K$2:$K$198,"2026-09") | D67: =SUMIFS(統合決済履歴!$C$2:$C$198,統合決済履歴!$G$2:$G$198,"Money added",統合決済履歴!$D$2:$D$198,"JPY",統合決済履歴!$F$2:$F$198,"COMPLETED",統合決済履歴!$J$2:$J$198,"除外",統合決済履歴!$K$2:$K$198,"2026-09") | E67: =B67*設定!$B$3+C67*設定!$B$4+D67
A68: Personal care | B68: =SUMIFS(統合決済履歴!$C$2:$C$198,統合決済履歴!$G$2:$G$198,"Personal care",統合決済履歴!$D$2:$D$198,"GBP",統合決済履歴!$F$2:$F$198,"COMPLETED",統合決済履歴!$J$2:$J$198,"除外",統合決済履歴!$K$2:$K$198,"2026-09") | C68: =SUMIFS(統合決済履歴!$C$2:$C$198,統合決済履歴!$G$2:$G$198,"Personal care",統合決済履歴!$D$2:$D$198,"EUR",統合決済履歴!$F$2:$F$198,"COMPLETED",統合決済履歴!$J$2:$J$198,"除外",統合決済履歴!$K$2:$K$198,"2026-09") | D68: =SUMIFS(統合決済履歴!$C$2:$C$198,統合決済履歴!$G$2:$G$198,"Personal care",統合決済履歴!$D$2:$D$198,"JPY",統合決済履歴!$F$2:$F$198,"COMPLETED",統合決済履歴!$J$2:$J$198,"除外",統合決済履歴!$K$2:$K$198,"2026-09") | E68: =B68*設定!$B$3+C68*設定!$B$4+D68
A69: Shopping | B69: =SUMIFS(統合決済履歴!$C$2:$C$198,統合決済履歴!$G$2:$G$198,"Shopping",統合決済履歴!$D$2:$D$198,"GBP",統合決済履歴!$F$2:$F$198,"COMPLETED",統合決済履歴!$J$2:$J$198,"除外",統合決済履歴!$K$2:$K$198,"2026-09") | C69: =SUMIFS(統合決済履歴!$C$2:$C$198,統合決済履歴!$G$2:$G$198,"Shopping",統合決済履歴!$D$2:$D$198,"EUR",統合決済履歴!$F$2:$F$198,"COMPLETED",統合決済履歴!$J$2:$J$198,"除外",統合決済履歴!$K$2:$K$198,"2026-09") | D69: =SUMIFS(統合決済履歴!$C$2:$C$198,統合決済履歴!$G$2:$G$198,"Shopping",統合決済履歴!$D$2:$D$198,"JPY",統合決済履歴!$F$2:$F$198,"COMPLETED",統合決済履歴!$J$2:$J$198,"除外",統合決済履歴!$K$2:$K$198,"2026-09") | E69: =B69*設定!$B$3+C69*設定!$B$4+D69
A70: Transport | B70: =SUMIFS(統合決済履歴!$C$2:$C$198,統合決済履歴!$G$2:$G$198,"Transport",統合決済履歴!$D$2:$D$198,"GBP",統合決済履歴!$F$2:$F$198,"COMPLETED",統合決済履歴!$J$2:$J$198,"除外",統合決済履歴!$K$2:$K$198,"2026-09") | C70: =SUMIFS(統合決済履歴!$C$2:$C$198,統合決済履歴!$G$2:$G$198,"Transport",統合決済履歴!$D$2:$D$198,"EUR",統合決済履歴!$F$2:$F$198,"COMPLETED",統合決済履歴!$J$2:$J$198,"除外",統合決済履歴!$K$2:$K$198,"2026-09") | D70: =SUMIFS(統合決済履歴!$C$2:$C$198,統合決済履歴!$G$2:$G$198,"Transport",統合決済履歴!$D$2:$D$198,"JPY",統合決済履歴!$F$2:$F$198,"COMPLETED",統合決済履歴!$J$2:$J$198,"除外",統合決済履歴!$K$2:$K$198,"2026-09") | E70: =B70*設定!$B$3+C70*設定!$B$4+D70
A71: 合計 | B71: =SUM(B61:B70) | C71: =SUM(C61:C70) | D71: =SUM(D61:D70) | E71: =SUM(E61:E70)
A74: 2026年8月
A76: ■ 聖也
A77: カテゴリ | B77: GBP 合計 | C77: EUR 合計 | D77: JPY 合計 | E77: JPY換算合計
A78: Bills | B78: =SUMIFS(統合決済履歴!$C$2:$C$198,統合決済履歴!$G$2:$G$198,"Bills",統合決済履歴!$D$2:$D$198,"GBP",統合決済履歴!$F$2:$F$198,"COMPLETED",統合決済履歴!$J$2:$J$198,"聖也",統合決済履歴!$K$2:$K$198,"2026-08") | C78: =SUMIFS(統合決済履歴!$C$2:$C$198,統合決済履歴!$G$2:$G$198,"Bills",統合決済履歴!$D$2:$D$198,"EUR",統合決済履歴!$F$2:$F$198,"COMPLETED",統合決済履歴!$J$2:$J$198,"聖也",統合決済履歴!$K$2:$K$198,"2026-08") | D78: =SUMIFS(統合決済履歴!$C$2:$C$198,統合決済履歴!$G$2:$G$198,"Bills",統合決済履歴!$D$2:$D$198,"JPY",統合決済履歴!$F$2:$F$198,"COMPLETED",統合決済履歴!$J$2:$J$198,"聖也",統合決済履歴!$K$2:$K$198,"2026-08") | E78: =B78*設定!$B$3+C78*設定!$B$4+D78
A79: Eating out | B79: =SUMIFS(統合決済履歴!$C$2:$C$198,統合決済履歴!$G$2:$G$198,"Eating out",統合決済履歴!$D$2:$D$198,"GBP",統合決済履歴!$F$2:$F$198,"COMPLETED",統合決済履歴!$J$2:$J$198,"聖也",統合決済履歴!$K$2:$K$198,"2026-08") | C79: =SUMIFS(統合決済履歴!$C$2:$C$198,統合決済履歴!$G$2:$G$198,"Eating out",統合決済履歴!$D$2:$D$198,"EUR",統合決済履歴!$F$2:$F$198,"COMPLETED",統合決済履歴!$J$2:$J$198,"聖也",統合決済履歴!$K$2:$K$198,"2026-08") | D79: =SUMIFS(統合決済履歴!$C$2:$C$198,統合決済履歴!$G$2:$G$198,"Eating out",統合決済履歴!$D$2:$D$198,"JPY",統合決済履歴!$F$2:$F$198,"COMPLETED",統合決済履歴!$J$2:$J$198,"聖也",統合決済履歴!$K$2:$K$198,"2026-08") | E79: =B79*設定!$B$3+C79*設定!$B$4+D79
A80: Entertainment | B80: =SUMIFS(統合決済履歴!$C$2:$C$198,統合決済履歴!$G$2:$G$198,"Entertainment",統合決済履歴!$D$2:$D$198,"GBP",統合決済履歴!$F$2:$F$198,"COMPLETED",統合決済履歴!$J$2:$J$198,"聖也",統合決済履歴!$K$2:$K$198,"2026-08") | C80: =SUMIFS(統合決済履歴!$C$2:$C$198,統合決済履歴!$G$2:$G$198,"Entertainment",統合決済履歴!$D$2:$D$198,"EUR",統合決済履歴!$F$2:$F$198,"COMPLETED",統合決済履歴!$J$2:$J$198,"聖也",統合決済履歴!$K$2:$K$198,"2026-08") | D80: =SUMIFS(統合決済履歴!$C$2:$C$198,統合決済履歴!$G$2:$G$198,"Entertainment",統合決済履歴!$D$2:$D$198,"JPY",統合決済履歴!$F$2:$F$198,"COMPLETED",統合決済履歴!$J$2:$J$198,"聖也",統合決済履歴!$K$2:$K$198,"2026-08") | E80: =B80*設定!$B$3+C80*設定!$B$4+D80
A81: Family | B81: =SUMIFS(統合決済履歴!$C$2:$C$198,統合決済履歴!$G$2:$G$198,"Family",統合決済履歴!$D$2:$D$198,"GBP",統合決済履歴!$F$2:$F$198,"COMPLETED",統合決済履歴!$J$2:$J$198,"聖也",統合決済履歴!$K$2:$K$198,"2026-08") | C81: =SUMIFS(統合決済履歴!$C$2:$C$198,統合決済履歴!$G$2:$G$198,"Family",統合決済履歴!$D$2:$D$198,"EUR",統合決済履歴!$F$2:$F$198,"COMPLETED",統合決済履歴!$J$2:$J$198,"聖也",統合決済履歴!$K$2:$K$198,"2026-08") | D81: =SUMIFS(統合決済履歴!$C$2:$C$198,統合決済履歴!$G$2:$G$198,"Family",統合決済履歴!$D$2:$D$198,"JPY",統合決済履歴!$F$2:$F$198,"COMPLETED",統合決済履歴!$J$2:$J$198,"聖也",統合決済履歴!$K$2:$K$198,"2026-08") | E81: =B81*設定!$B$3+C81*設定!$B$4+D81
A82: General | B82: =SUMIFS(統合決済履歴!$C$2:$C$198,統合決済履歴!$G$2:$G$198,"General",統合決済履歴!$D$2:$D$198,"GBP",統合決済履歴!$F$2:$F$198,"COMPLETED",統合決済履歴!$J$2:$J$198,"聖也",統合決済履歴!$K$2:$K$198,"2026-08") | C82: =SUMIFS(統合決済履歴!$C$2:$C$198,統合決済履歴!$G$2:$G$198,"General",統合決済履歴!$D$2:$D$198,"EUR",統合決済履歴!$F$2:$F$198,"COMPLETED",統合決済履歴!$J$2:$J$198,"聖也",統合決済履歴!$K$2:$K$198,"2026-08") | D82: =SUMIFS(統合決済履歴!$C$2:$C$198,統合決済履歴!$G$2:$G$198,"General",統合決済履歴!$D$2:$D$198,"JPY",統合決済履歴!$F$2:$F$198,"COMPLETED",統合決済履歴!$J$2:$J$198,"聖也",統合決済履歴!$K$2:$K$198,"2026-08") | E82: =B82*設定!$B$3+C82*設定!$B$4+D82
A83: Groceries | B83: =SUMIFS(統合決済履歴!$C$2:$C$198,統合決済履歴!$G$2:$G$198,"Groceries",統合決済履歴!$D$2:$D$198,"GBP",統合決済履歴!$F$2:$F$198,"COMPLETED",統合決済履歴!$J$2:$J$198,"聖也",統合決済履歴!$K$2:$K$198,"2026-08") | C83: =SUMIFS(統合決済履歴!$C$2:$C$198,統合決済履歴!$G$2:$G$198,"Groceries",統合決済履歴!$D$2:$D$198,"EUR",統合決済履歴!$F$2:$F$198,"COMPLETED",統合決済履歴!$J$2:$J$198,"聖也",統合決済履歴!$K$2:$K$198,"2026-08") | D83: =SUMIFS(統合決済履歴!$C$2:$C$198,統合決済履歴!$G$2:$G$198,"Groceries",統合決済履歴!$D$2:$D$198,"JPY",統合決済履歴!$F$2:$F$198,"COMPLETED",統合決済履歴!$J$2:$J$198,"聖也",統合決済履歴!$K$2:$K$198,"2026-08") | E83: =B83*設定!$B$3+C83*設定!$B$4+D83
A84: Money added | B84: =SUMIFS(統合決済履歴!$C$2:$C$198,統合決済履歴!$G$2:$G$198,"Money added",統合決済履歴!$D$2:$D$198,"GBP",統合決済履歴!$F$2:$F$198,"COMPLETED",統合決済履歴!$J$2:$J$198,"聖也",統合決済履歴!$K$2:$K$198,"2026-08") | C84: =SUMIFS(統合決済履歴!$C$2:$C$198,統合決済履歴!$G$2:$G$198,"Money added",統合決済履歴!$D$2:$D$198,"EUR",統合決済履歴!$F$2:$F$198,"COMPLETED",統合決済履歴!$J$2:$J$198,"聖也",統合決済履歴!$K$2:$K$198,"2026-08") | D84: =SUMIFS(統合決済履歴!$C$2:$C$198,統合決済履歴!$G$2:$G$198,"Money added",統合決済履歴!$D$2:$D$198,"JPY",統合決済履歴!$F$2:$F$198,"COMPLETED",統合決済履歴!$J$2:$J$198,"聖也",統合決済履歴!$K$2:$K$198,"2026-08") | E84: =B84*設定!$B$3+C84*設定!$B$4+D84
A85: Personal care | B85: =SUMIFS(統合決済履歴!$C$2:$C$198,統合決済履歴!$G$2:$G$198,"Personal care",統合決済履歴!$D$2:$D$198,"GBP",統合決済履歴!$F$2:$F$198,"COMPLETED",統合決済履歴!$J$2:$J$198,"聖也",統合決済履歴!$K$2:$K$198,"2026-08") | C85: =SUMIFS(統合決済履歴!$C$2:$C$198,統合決済履歴!$G$2:$G$198,"Personal care",統合決済履歴!$D$2:$D$198,"EUR",統合決済履歴!$F$2:$F$198,"COMPLETED",統合決済履歴!$J$2:$J$198,"聖也",統合決済履歴!$K$2:$K$198,"2026-08") | D85: =SUMIFS(統合決済履歴!$C$2:$C$198,統合決済履歴!$G$2:$G$198,"Personal care",統合決済履歴!$D$2:$D$198,"JPY",統合決済履歴!$F$2:$F$198,"COMPLETED",統合決済履歴!$J$2:$J$198,"聖也",統合決済履歴!$K$2:$K$198,"2026-08") | E85: =B85*設定!$B$3+C85*設定!$B$4+D85
A86: Shopping | B86: =SUMIFS(統合決済履歴!$C$2:$C$198,統合決済履歴!$G$2:$G$198,"Shopping",統合決済履歴!$D$2:$D$198,"GBP",統合決済履歴!$F$2:$F$198,"COMPLETED",統合決済履歴!$J$2:$J$198,"聖也",統合決済履歴!$K$2:$K$198,"2026-08") | C86: =SUMIFS(統合決済履歴!$C$2:$C$198,統合決済履歴!$G$2:$G$198,"Shopping",統合決済履歴!$D$2:$D$198,"EUR",統合決済履歴!$F$2:$F$198,"COMPLETED",統合決済履歴!$J$2:$J$198,"聖也",統合決済履歴!$K$2:$K$198,"2026-08") | D86: =SUMIFS(統合決済履歴!$C$2:$C$198,統合決済履歴!$G$2:$G$198,"Shopping",統合決済履歴!$D$2:$D$198,"JPY",統合決済履歴!$F$2:$F$198,"COMPLETED",統合決済履歴!$J$2:$J$198,"聖也",統合決済履歴!$K$2:$K$198,"2026-08") | E86: =B86*設定!$B$3+C86*設定!$B$4+D86
A87: Transport | B87: =SUMIFS(統合決済履歴!$C$2:$C$198,統合決済履歴!$G$2:$G$198,"Transport",統合決済履歴!$D$2:$D$198,"GBP",統合決済履歴!$F$2:$F$198,"COMPLETED",統合決済履歴!$J$2:$J$198,"聖也",統合決済履歴!$K$2:$K$198,"2026-08") | C87: =SUMIFS(統合決済履歴!$C$2:$C$198,統合決済履歴!$G$2:$G$198,"Transport",統合決済履歴!$D$2:$D$198,"EUR",統合決済履歴!$F$2:$F$198,"COMPLETED",統合決済履歴!$J$2:$J$198,"聖也",統合決済履歴!$K$2:$K$198,"2026-08") | D87: =SUMIFS(統合決済履歴!$C$2:$C$198,統合決済履歴!$G$2:$G$198,"Transport",統合決済履歴!$D$2:$D$198,"JPY",統合決済履歴!$F$2:$F$198,"COMPLETED",統合決済履歴!$J$2:$J$198,"聖也",統合決済履歴!$K$2:$K$198,"2026-08") | E87: =B87*設定!$B$3+C87*設定!$B$4+D87
A88: 合計 | B88: =SUM(B78:B87) | C88: =SUM(C78:C87) | D88: =SUM(D78:D87) | E88: =SUM(E78:E87)
A90: ■ 愛弓
A91: カテゴリ | B91: GBP 合計 | C91: EUR 合計 | D91: JPY 合計 | E91: JPY換算合計
A92: Bills | B92: =SUMIFS(統合決済履歴!$C$2:$C$198,統合決済履歴!$G$2:$G$198,"Bills",統合決済履歴!$D$2:$D$198,"GBP",統合決済履歴!$F$2:$F$198,"COMPLETED",統合決済履歴!$J$2:$J$198,"愛弓",統合決済履歴!$K$2:$K$198,"2026-08") | C92: =SUMIFS(統合決済履歴!$C$2:$C$198,統合決済履歴!$G$2:$G$198,"Bills",統合決済履歴!$D$2:$D$198,"EUR",統合決済履歴!$F$2:$F$198,"COMPLETED",統合決済履歴!$J$2:$J$198,"愛弓",統合決済履歴!$K$2:$K$198,"2026-08") | D92: =SUMIFS(統合決済履歴!$C$2:$C$198,統合決済履歴!$G$2:$G$198,"Bills",統合決済履歴!$D$2:$D$198,"JPY",統合決済履歴!$F$2:$F$198,"COMPLETED",統合決済履歴!$J$2:$J$198,"愛弓",統合決済履歴!$K$2:$K$198,"2026-08") | E92: =B92*設定!$B$3+C92*設定!$B$4+D92
A93: Eating out | B93: =SUMIFS(統合決済履歴!$C$2:$C$198,統合決済履歴!$G$2:$G$198,"Eating out",統合決済履歴!$D$2:$D$198,"GBP",統合決済履歴!$F$2:$F$198,"COMPLETED",統合決済履歴!$J$2:$J$198,"愛弓",統合決済履歴!$K$2:$K$198,"2026-08") | C93: =SUMIFS(統合決済履歴!$C$2:$C$198,統合決済履歴!$G$2:$G$198,"Eating out",統合決済履歴!$D$2:$D$198,"EUR",統合決済履歴!$F$2:$F$198,"COMPLETED",統合決済履歴!$J$2:$J$198,"愛弓",統合決済履歴!$K$2:$K$198,"2026-08") | D93: =SUMIFS(統合決済履歴!$C$2:$C$198,統合決済履歴!$G$2:$G$198,"Eating out",統合決済履歴!$D$2:$D$198,"JPY",統合決済履歴!$F$2:$F$198,"COMPLETED",統合決済履歴!$J$2:$J$198,"愛弓",統合決済履歴!$K$2:$K$198,"2026-08") | E93: =B93*設定!$B$3+C93*設定!$B$4+D93
A94: Entertainment | B94: =SUMIFS(統合決済履歴!$C$2:$C$198,統合決済履歴!$G$2:$G$198,"Entertainment",統合決済履歴!$D$2:$D$198,"GBP",統合決済履歴!$F$2:$F$198,"COMPLETED",統合決済履歴!$J$2:$J$198,"愛弓",統合決済履歴!$K$2:$K$198,"2026-08") | C94: =SUMIFS(統合決済履歴!$C$2:$C$198,統合決済履歴!$G$2:$G$198,"Entertainment",統合決済履歴!$D$2:$D$198,"EUR",統合決済履歴!$F$2:$F$198,"COMPLETED",統合決済履歴!$J$2:$J$198,"愛弓",統合決済履歴!$K$2:$K$198,"2026-08") | D94: =SUMIFS(統合決済履歴!$C$2:$C$198,統合決済履歴!$G$2:$G$198,"Entertainment",統合決済履歴!$D$2:$D$198,"JPY",統合決済履歴!$F$2:$F$198,"COMPLETED",統合決済履歴!$J$2:$J$198,"愛弓",統合決済履歴!$K$2:$K$198,"2026-08") | E94: =B94*設定!$B$3+C94*設定!$B$4+D94
A95: Family | B95: =SUMIFS(統合決済履歴!$C$2:$C$198,統合決済履歴!$G$2:$G$198,"Family",統合決済履歴!$D$2:$D$198,"GBP",統合決済履歴!$F$2:$F$198,"COMPLETED",統合決済履歴!$J$2:$J$198,"愛弓",統合決済履歴!$K$2:$K$198,"2026-08") | C95: =SUMIFS(統合決済履歴!$C$2:$C$198,統合決済履歴!$G$2:$G$198,"Family",統合決済履歴!$D$2:$D$198,"EUR",統合決済履歴!$F$2:$F$198,"COMPLETED",統合決済履歴!$J$2:$J$198,"愛弓",統合決済履歴!$K$2:$K$198,"2026-08") | D95: =SUMIFS(統合決済履歴!$C$2:$C$198,統合決済履歴!$G$2:$G$198,"Family",統合決済履歴!$D$2:$D$198,"JPY",統合決済履歴!$F$2:$F$198,"COMPLETED",統合決済履歴!$J$2:$J$198,"愛弓",統合決済履歴!$K$2:$K$198,"2026-08") | E95: =B95*設定!$B$3+C95*設定!$B$4+D95
A96: General | B96: =SUMIFS(統合決済履歴!$C$2:$C$198,統合決済履歴!$G$2:$G$198,"General",統合決済履歴!$D$2:$D$198,"GBP",統合決済履歴!$F$2:$F$198,"COMPLETED",統合決済履歴!$J$2:$J$198,"愛弓",統合決済履歴!$K$2:$K$198,"2026-08") | C96: =SUMIFS(統合決済履歴!$C$2:$C$198,統合決済履歴!$G$2:$G$198,"General",統合決済履歴!$D$2:$D$198,"EUR",統合決済履歴!$F$2:$F$198,"COMPLETED",統合決済履歴!$J$2:$J$198,"愛弓",統合決済履歴!$K$2:$K$198,"2026-08") | D96: =SUMIFS(統合決済履歴!$C$2:$C$198,統合決済履歴!$G$2:$G$198,"General",統合決済履歴!$D$2:$D$198,"JPY",統合決済履歴!$F$2:$F$198,"COMPLETED",統合決済履歴!$J$2:$J$198,"愛弓",統合決済履歴!$K$2:$K$198,"2026-08") | E96: =B96*設定!$B$3+C96*設定!$B$4+D96
A97: Groceries | B97: =SUMIFS(統合決済履歴!$C$2:$C$198,統合決済履歴!$G$2:$G$198,"Groceries",統合決済履歴!$D$2:$D$198,"GBP",統合決済履歴!$F$2:$F$198,"COMPLETED",統合決済履歴!$J$2:$J$198,"愛弓",統合決済履歴!$K$2:$K$198,"2026-08") | C97: =SUMIFS(統合決済履歴!$C$2:$C$198,統合決済履歴!$G$2:$G$198,"Groceries",統合決済履歴!$D$2:$D$198,"EUR",統合決済履歴!$F$2:$F$198,"COMPLETED",統合決済履歴!$J$2:$J$198,"愛弓",統合決済履歴!$K$2:$K$198,"2026-08") | D97: =SUMIFS(統合決済履歴!$C$2:$C$198,統合決済履歴!$G$2:$G$198,"Groceries",統合決済履歴!$D$2:$D$198,"JPY",統合決済履歴!$F$2:$F$198,"COMPLETED",統合決済履歴!$J$2:$J$198,"愛弓",統合決済履歴!$K$2:$K$198,"2026-08") | E97: =B97*設定!$B$3+C97*設定!$B$4+D97
A98: Money added | B98: =SUMIFS(統合決済履歴!$C$2:$C$198,統合決済履歴!$G$2:$G$198,"Money added",統合決済履歴!$D$2:$D$198,"GBP",統合決済履歴!$F$2:$F$198,"COMPLETED",統合決済履歴!$J$2:$J$198,"愛弓",統合決済履歴!$K$2:$K$198,"2026-08") | C98: =SUMIFS(統合決済履歴!$C$2:$C$198,統合決済履歴!$G$2:$G$198,"Money added",統合決済履歴!$D$2:$D$198,"EUR",統合決済履歴!$F$2:$F$198,"COMPLETED",統合決済履歴!$J$2:$J$198,"愛弓",統合決済履歴!$K$2:$K$198,"2026-08") | D98: =SUMIFS(統合決済履歴!$C$2:$C$198,統合決済履歴!$G$2:$G$198,"Money added",統合決済履歴!$D$2:$D$198,"JPY",統合決済履歴!$F$2:$F$198,"COMPLETED",統合決済履歴!$J$2:$J$198,"愛弓",統合決済履歴!$K$2:$K$198,"2026-08") | E98: =B98*設定!$B$3+C98*設定!$B$4+D98
A99: Personal care | B99: =SUMIFS(統合決済履歴!$C$2:$C$198,統合決済履歴!$G$2:$G$198,"Personal care",統合決済履歴!$D$2:$D$198,"GBP",統合決済履歴!$F$2:$F$198,"COMPLETED",統合決済履歴!$J$2:$J$198,"愛弓",統合決済履歴!$K$2:$K$198,"2026-08") | C99: =SUMIFS(統合決済履歴!$C$2:$C$198,統合決済履歴!$G$2:$G$198,"Personal care",統合決済履歴!$D$2:$D$198,"EUR",統合決済履歴!$F$2:$F$198,"COMPLETED",統合決済履歴!$J$2:$J$198,"愛弓",統合決済履歴!$K$2:$K$198,"2026-08") | D99: =SUMIFS(統合決済履歴!$C$2:$C$198,統合決済履歴!$G$2:$G$198,"Personal care",統合決済履歴!$D$2:$D$198,"JPY",統合決済履歴!$F$2:$F$198,"COMPLETED",統合決済履歴!$J$2:$J$198,"愛弓",統合決済履歴!$K$2:$K$198,"2026-08") | E99: =B99*設定!$B$3+C99*設定!$B$4+D99
A100: Shopping | B100: =SUMIFS(統合決済履歴!$C$2:$C$198,統合決済履歴!$G$2:$G$198,"Shopping",統合決済履歴!$D$2:$D$198,"GBP",統合決済履歴!$F$2:$F$198,"COMPLETED",統合決済履歴!$J$2:$J$198,"愛弓",統合決済履歴!$K$2:$K$198,"2026-08") | C100: =SUMIFS(統合決済履歴!$C$2:$C$198,統合決済履歴!$G$2:$G$198,"Shopping",統合決済履歴!$D$2:$D$198,"EUR",統合決済履歴!$F$2:$F$198,"COMPLETED",統合決済履歴!$J$2:$J$198,"愛弓",統合決済履歴!$K$2:$K$198,"2026-08") | D100: =SUMIFS(統合決済履歴!$C$2:$C$198,統合決済履歴!$G$2:$G$198,"Shopping",統合決済履歴!$D$2:$D$198,"JPY",統合決済履歴!$F$2:$F$198,"COMPLETED",統合決済履歴!$J$2:$J$198,"愛弓",統合決済履歴!$K$2:$K$198,"2026-08") | E100: =B100*設定!$B$3+C100*設定!$B$4+D100
A101: Transport | B101: =SUMIFS(統合決済履歴!$C$2:$C$198,統合決済履歴!$G$2:$G$198,"Transport",統合決済履歴!$D$2:$D$198,"GBP",統合決済履歴!$F$2:$F$198,"COMPLETED",統合決済履歴!$J$2:$J$198,"愛弓",統合決済履歴!$K$2:$K$198,"2026-08") | C101: =SUMIFS(統合決済履歴!$C$2:$C$198,統合決済履歴!$G$2:$G$198,"Transport",統合決済履歴!$D$2:$D$198,"EUR",統合決済履歴!$F$2:$F$198,"COMPLETED",統合決済履歴!$J$2:$J$198,"愛弓",統合決済履歴!$K$2:$K$198,"2026-08") | D101: =SUMIFS(統合決済履歴!$C$2:$C$198,統合決済履歴!$G$2:$G$198,"Transport",統合決済履歴!$D$2:$D$198,"JPY",統合決済履歴!$F$2:$F$198,"COMPLETED",統合決済履歴!$J$2:$J$198,"愛弓",統合決済履歴!$K$2:$K$198,"2026-08") | E101: =B101*設定!$B$3+C101*設定!$B$4+D101
A102: 合計 | B102: =SUM(B92:B101) | C102: =SUM(C92:C101) | D102: =SUM(D92:D101) | E102: =SUM(E92:E101)
A104: ■ 共通
A105: カテゴリ | B105: GBP 合計 | C105: EUR 合計 | D105: JPY 合計 | E105: JPY換算合計
A106: Bills | B106: =SUMIFS(統合決済履歴!$C$2:$C$198,統合決済履歴!$G$2:$G$198,"Bills",統合決済履歴!$D$2:$D$198,"GBP",統合決済履歴!$F$2:$F$198,"COMPLETED",統合決済履歴!$J$2:$J$198,"共通",統合決済履歴!$K$2:$K$198,"2026-08") | C106: =SUMIFS(統合決済履歴!$C$2:$C$198,統合決済履歴!$G$2:$G$198,"Bills",統合決済履歴!$D$2:$D$198,"EUR",統合決済履歴!$F$2:$F$198,"COMPLETED",統合決済履歴!$J$2:$J$198,"共通",統合決済履歴!$K$2:$K$198,"2026-08") | D106: =SUMIFS(統合決済履歴!$C$2:$C$198,統合決済履歴!$G$2:$G$198,"Bills",統合決済履歴!$D$2:$D$198,"JPY",統合決済履歴!$F$2:$F$198,"COMPLETED",統合決済履歴!$J$2:$J$198,"共通",統合決済履歴!$K$2:$K$198,"2026-08") | E106: =B106*設定!$B$3+C106*設定!$B$4+D106
A107: Eating out | B107: =SUMIFS(統合決済履歴!$C$2:$C$198,統合決済履歴!$G$2:$G$198,"Eating out",統合決済履歴!$D$2:$D$198,"GBP",統合決済履歴!$F$2:$F$198,"COMPLETED",統合決済履歴!$J$2:$J$198,"共通",統合決済履歴!$K$2:$K$198,"2026-08") | C107: =SUMIFS(統合決済履歴!$C$2:$C$198,統合決済履歴!$G$2:$G$198,"Eating out",統合決済履歴!$D$2:$D$198,"EUR",統合決済履歴!$F$2:$F$198,"COMPLETED",統合決済履歴!$J$2:$J$198,"共通",統合決済履歴!$K$2:$K$198,"2026-08") | D107: =SUMIFS(統合決済履歴!$C$2:$C$198,統合決済履歴!$G$2:$G$198,"Eating out",統合決済履歴!$D$2:$D$198,"JPY",統合決済履歴!$F$2:$F$198,"COMPLETED",統合決済履歴!$J$2:$J$198,"共通",統合決済履歴!$K$2:$K$198,"2026-08") | E107: =B107*設定!$B$3+C107*設定!$B$4+D107
A108: Entertainment | B108: =SUMIFS(統合決済履歴!$C$2:$C$198,統合決済履歴!$G$2:$G$198,"Entertainment",統合決済履歴!$D$2:$D$198,"GBP",統合決済履歴!$F$2:$F$198,"COMPLETED",統合決済履歴!$J$2:$J$198,"共通",統合決済履歴!$K$2:$K$198,"2026-08") | C108: =SUMIFS(統合決済履歴!$C$2:$C$198,統合決済履歴!$G$2:$G$198,"Entertainment",統合決済履歴!$D$2:$D$198,"EUR",統合決済履歴!$F$2:$F$198,"COMPLETED",統合決済履歴!$J$2:$J$198,"共通",統合決済履歴!$K$2:$K$198,"2026-08") | D108: =SUMIFS(統合決済履歴!$C$2:$C$198,統合決済履歴!$G$2:$G$198,"Entertainment",統合決済履歴!$D$2:$D$198,"JPY",統合決済履歴!$F$2:$F$198,"COMPLETED",統合決済履歴!$J$2:$J$198,"共通",統合決済履歴!$K$2:$K$198,"2026-08") | E108: =B108*設定!$B$3+C108*設定!$B$4+D108
A109: Family | B109: =SUMIFS(統合決済履歴!$C$2:$C$198,統合決済履歴!$G$2:$G$198,"Family",統合決済履歴!$D$2:$D$198,"GBP",統合決済履歴!$F$2:$F$198,"COMPLETED",統合決済履歴!$J$2:$J$198,"共通",統合決済履歴!$K$2:$K$198,"2026-08") | C109: =SUMIFS(統合決済履歴!$C$2:$C$198,統合決済履歴!$G$2:$G$198,"Family",統合決済履歴!$D$2:$D$198,"EUR",統合決済履歴!$F$2:$F$198,"COMPLETED",統合決済履歴!$J$2:$J$198,"共通",統合決済履歴!$K$2:$K$198,"2026-08") | D109: =SUMIFS(統合決済履歴!$C$2:$C$198,統合決済履歴!$G$2:$G$198,"Family",統合決済履歴!$D$2:$D$198,"JPY",統合決済履歴!$F$2:$F$198,"COMPLETED",統合決済履歴!$J$2:$J$198,"共通",統合決済履歴!$K$2:$K$198,"2026-08") | E109: =B109*設定!$B$3+C109*設定!$B$4+D109
A110: General | B110: =SUMIFS(統合決済履歴!$C$2:$C$198,統合決済履歴!$G$2:$G$198,"General",統合決済履歴!$D$2:$D$198,"GBP",統合決済履歴!$F$2:$F$198,"COMPLETED",統合決済履歴!$J$2:$J$198,"共通",統合決済履歴!$K$2:$K$198,"2026-08") | C110: =SUMIFS(統合決済履歴!$C$2:$C$198,統合決済履歴!$G$2:$G$198,"General",統合決済履歴!$D$2:$D$198,"EUR",統合決済履歴!$F$2:$F$198,"COMPLETED",統合決済履歴!$J$2:$J$198,"共通",統合決済履歴!$K$2:$K$198,"2026-08") | D110: =SUMIFS(統合決済履歴!$C$2:$C$198,統合決済履歴!$G$2:$G$198,"General",統合決済履歴!$D$2:$D$198,"JPY",統合決済履歴!$F$2:$F$198,"COMPLETED",統合決済履歴!$J$2:$J$198,"共通",統合決済履歴!$K$2:$K$198,"2026-08") | E110: =B110*設定!$B$3+C110*設定!$B$4+D110
...

Sheet トータル集計
A1: 全期間合計
A3: ■ 聖也
A4: カテゴリ | B4: GBP 合計 | C4: EUR 合計 | D4: JPY 合計 | E4: JPY換算合計
A5: Bills | B5: =SUMIFS(統合決済履歴!$C$2:$C$198,統合決済履歴!$G$2:$G$198,"Bills",統合決済履歴!$D$2:$D$198,"GBP",統合決済履歴!$F$2:$F$198,"COMPLETED",統合決済履歴!$J$2:$J$198,"聖也") | C5: =SUMIFS(統合決済履歴!$C$2:$C$198,統合決済履歴!$G$2:$G$198,"Bills",統合決済履歴!$D$2:$D$198,"EUR",統合決済履歴!$F$2:$F$198,"COMPLETED",統合決済履歴!$J$2:$J$198,"聖也") | D5: =SUMIFS(統合決済履歴!$C$2:$C$198,統合決済履歴!$G$2:$G$198,"Bills",統合決済履歴!$D$2:$D$198,"JPY",統合決済履歴!$F$2:$F$198,"COMPLETED",統合決済履歴!$J$2:$J$198,"聖也") | E5: =B5*設定!$B$3+C5*設定!$B$4+D5
A6: Eating out | B6: =SUMIFS(統合決済履歴!$C$2:$C$198,統合決済履歴!$G$2:$G$198,"Eating out",統合決済履歴!$D$2:$D$198,"GBP",統合決済履歴!$F$2:$F$198,"COMPLETED",統合決済履歴!$J$2:$J$198,"聖也") | C6: =SUMIFS(統合決済履歴!$C$2:$C$198,統合決済履歴!$G$2:$G$198,"Eating out",統合決済履歴!$D$2:$D$198,"EUR",統合決済履歴!$F$2:$F$198,"COMPLETED",統合決済履歴!$J$2:$J$198,"聖也") | D6: =SUMIFS(統合決済履歴!$C$2:$C$198,統合決済履歴!$G$2:$G$198,"Eating out",統合決済履歴!$D$2:$D$198,"JPY",統合決済履歴!$F$2:$F$198,"COMPLETED",統合決済履歴!$J$2:$J$198,"聖也") | E6: =B6*設定!$B$3+C6*設定!$B$4+D6
A7: Entertainment | B7: =SUMIFS(統合決済履歴!$C$2:$C$198,統合決済履歴!$G$2:$G$198,"Entertainment",統合決済履歴!$D$2:$D$198,"GBP",統合決済履歴!$F$2:$F$198,"COMPLETED",統合決済履歴!$J$2:$J$198,"聖也") | C7: =SUMIFS(統合決済履歴!$C$2:$C$198,統合決済履歴!$G$2:$G$198,"Entertainment",統合決済履歴!$D$2:$D$198,"EUR",統合決済履歴!$F$2:$F$198,"COMPLETED",統合決済履歴!$J$2:$J$198,"聖也") | D7: =SUMIFS(統合決済履歴!$C$2:$C$198,統合決済履歴!$G$2:$G$198,"Entertainment",統合決済履歴!$D$2:$D$198,"JPY",統合決済履歴!$F$2:$F$198,"COMPLETED",統合決済履歴!$J$2:$J$198,"聖也") | E7: =B7*設定!$B$3+C7*設定!$B$4+D7
A8: Family | B8: =SUMIFS(統合決済履歴!$C$2:$C$198,統合決済履歴!$G$2:$G$198,"Family",統合決済履歴!$D$2:$D$198,"GBP",統合決済履歴!$F$2:$F$198,"COMPLETED",統合決済履歴!$J$2:$J$198,"聖也") | C8: =SUMIFS(統合決済履歴!$C$2:$C$198,統合決済履歴!$G$2:$G$198,"Family",統合決済履歴!$D$2:$D$198,"EUR",統合決済履歴!$F$2:$F$198,"COMPLETED",統合決済履歴!$J$2:$J$198,"聖也") | D8: =SUMIFS(統合決済履歴!$C$2:$C$198,統合決済履歴!$G$2:$G$198,"Family",統合決済履歴!$D$2:$D$198,"JPY",統合決済履歴!$F$2:$F$198,"COMPLETED",統合決済履歴!$J$2:$J$198,"聖也") | E8: =B8*設定!$B$3+C8*設定!$B$4+D8
A9: General | B9: =SUMIFS(統合決済履歴!$C$2:$C$198,統合決済履歴!$G$2:$G$198,"General",統合決済履歴!$D$2:$D$198,"GBP",統合決済履歴!$F$2:$F$198,"COMPLETED",統合決済履歴!$J$2:$J$198,"聖也") | C9: =SUMIFS(統合決済履歴!$C$2:$C$198,統合決済履歴!$G$2:$G$198,"General",統合決済履歴!$D$2:$D$198,"EUR",統合決済履歴!$F$2:$F$198,"COMPLETED",統合決済履歴!$J$2:$J$198,"聖也") | D9: =SUMIFS(統合決済履歴!$C$2:$C$198,統合決済履歴!$G$2:$G$198,"General",統合決済履歴!$D$2:$D$198,"JPY",統合決済履歴!$F$2:$F$198,"COMPLETED",統合決済履歴!$J$2:$J$198,"聖也") | E9: =B9*設定!$B$3+C9*設定!$B$4+D9
A10: Groceries | B10: =SUMIFS(統合決済履歴!$C$2:$C$198,統合決済履歴!$G$2:$G$198,"Groceries",統合決済履歴!$D$2:$D$198,"GBP",統合決済履歴!$F$2:$F$198,"COMPLETED",統合決済履歴!$J$2:$J$198,"聖也") | C10: =SUMIFS(統合決済履歴!$C$2:$C$198,統合決済履歴!$G$2:$G$198,"Groceries",統合決済履歴!$D$2:$D$198,"EUR",統合決済履歴!$F$2:$F$198,"COMPLETED",統合決済履歴!$J$2:$J$198,"聖也") | D10: =SUMIFS(統合決済履歴!$C$2:$C$198,統合決済履歴!$G$2:$G$198,"Groceries",統合決済履歴!$D$2:$D$198,"JPY",統合決済履歴!$F$2:$F$198,"COMPLETED",統合決済履歴!$J$2:$J$198,"聖也") | E10: =B10*設定!$B$3+C10*設定!$B$4+D10
A11: Money added | B11: =SUMIFS(統合決済履歴!$C$2:$C$198,統合決済履歴!$G$2:$G$198,"Money added",統合決済履歴!$D$2:$D$198,"GBP",統合決済履歴!$F$2:$F$198,"COMPLETED",統合決済履歴!$J$2:$J$198,"聖也") | C11: =SUMIFS(統合決済履歴!$C$2:$C$198,統合決済履歴!$G$2:$G$198,"Money added",統合決済履歴!$D$2:$D$198,"EUR",統合決済履歴!$F$2:$F$198,"COMPLETED",統合決済履歴!$J$2:$J$198,"聖也") | D11: =SUMIFS(統合決済履歴!$C$2:$C$198,統合決済履歴!$G$2:$G$198,"Money added",統合決済履歴!$D$2:$D$198,"JPY",統合決済履歴!$F$2:$F$198,"COMPLETED",統合決済履歴!$J$2:$J$198,"聖也") | E11: =B11*設定!$B$3+C11*設定!$B$4+D11
A12: Personal care | B12: =SUMIFS(統合決済履歴!$C$2:$C$198,統合決済履歴!$G$2:$G$198,"Personal care",統合決済履歴!$D$2:$D$198,"GBP",統合決済履歴!$F$2:$F$198,"COMPLETED",統合決済履歴!$J$2:$J$198,"聖也") | C12: =SUMIFS(統合決済履歴!$C$2:$C$198,統合決済履歴!$G$2:$G$198,"Personal care",統合決済履歴!$D$2:$D$198,"EUR",統合決済履歴!$F$2:$F$198,"COMPLETED",統合決済履歴!$J$2:$J$198,"聖也") | D12: =SUMIFS(統合決済履歴!$C$2:$C$198,統合決済履歴!$G$2:$G$198,"Personal care",統合決済履歴!$D$2:$D$198,"JPY",統合決済履歴!$F$2:$F$198,"COMPLETED",統合決済履歴!$J$2:$J$198,"聖也") | E12: =B12*設定!$B$3+C12*設定!$B$4+D12
A13: Shopping | B13: =SUMIFS(統合決済履歴!$C$2:$C$198,統合決済履歴!$G$2:$G$198,"Shopping",統合決済履歴!$D$2:$D$198,"GBP",統合決済履歴!$F$2:$F$198,"COMPLETED",統合決済履歴!$J$2:$J$198,"聖也") | C13: =SUMIFS(統合決済履歴!$C$2:$C$198,統合決済履歴!$G$2:$G$198,"Shopping",統合決済履歴!$D$2:$D$198,"EUR",統合決済履歴!$F$2:$F$198,"COMPLETED",統合決済履歴!$J$2:$J$198,"聖也") | D13: =SUMIFS(統合決済履歴!$C$2:$C$198,統合決済履歴!$G$2:$G$198,"Shopping",統合決済履歴!$D$2:$D$198,"JPY",統合決済履歴!$F$2:$F$198,"COMPLETED",統合決済履歴!$J$2:$J$198,"聖也") | E13: =B13*設定!$B$3+C13*設定!$B$4+D13
A14: Transport | B14: =SUMIFS(統合決済履歴!$C$2:$C$198,統合決済履歴!$G$2:$G$198,"Transport",統合決済履歴!$D$2:$D$198,"GBP",統合決済履歴!$F$2:$F$198,"COMPLETED",統合決済履歴!$J$2:$J$198,"聖也") | C14: =SUMIFS(統合決済履歴!$C$2:$C$198,統合決済履歴!$G$2:$G$198,"Transport",統合決済履歴!$D$2:$D$198,"EUR",統合決済履歴!$F$2:$F$198,"COMPLETED",統合決済履歴!$J$2:$J$198,"聖也") | D14: =SUMIFS(統合決済履歴!$C$2:$C$198,統合決済履歴!$G$2:$G$198,"Transport",統合決済履歴!$D$2:$D$198,"JPY",統合決済履歴!$F$2:$F$198,"COMPLETED",統合決済履歴!$J$2:$J$198,"聖也") | E14: =B14*設定!$B$3+C14*設定!$B$4+D14
A15: 合計 | B15: =SUM(B5:B14) | C15: =SUM(C5:C14) | D15: =SUM(D5:D14) | E15: =SUM(E5:E14)
A17: ■ 愛弓
A18: カテゴリ | B18: GBP 合計 | C18: EUR 合計 | D18: JPY 合計 | E18: JPY換算合計
A19: Bills | B19: =SUMIFS(統合決済履歴!$C$2:$C$198,統合決済履歴!$G$2:$G$198,"Bills",統合決済履歴!$D$2:$D$198,"GBP",統合決済履歴!$F$2:$F$198,"COMPLETED",統合決済履歴!$J$2:$J$198,"愛弓") | C19: =SUMIFS(統合決済履歴!$C$2:$C$198,統合決済履歴!$G$2:$G$198,"Bills",統合決済履歴!$D$2:$D$198,"EUR",統合決済履歴!$F$2:$F$198,"COMPLETED",統合決済履歴!$J$2:$J$198,"愛弓") | D19: =SUMIFS(統合決済履歴!$C$2:$C$198,統合決済履歴!$G$2:$G$198,"Bills",統合決済履歴!$D$2:$D$198,"JPY",統合決済履歴!$F$2:$F$198,"COMPLETED",統合決済履歴!$J$2:$J$198,"愛弓") | E19: =B19*設定!$B$3+C19*設定!$B$4+D19
A20: Eating out | B20: =SUMIFS(統合決済履歴!$C$2:$C$198,統合決済履歴!$G$2:$G$198,"Eating out",統合決済履歴!$D$2:$D$198,"GBP",統合決済履歴!$F$2:$F$198,"COMPLETED",統合決済履歴!$J$2:$J$198,"愛弓") | C20: =SUMIFS(統合決済履歴!$C$2:$C$198,統合決済履歴!$G$2:$G$198,"Eating out",統合決済履歴!$D$2:$D$198,"EUR",統合決済履歴!$F$2:$F$198,"COMPLETED",統合決済履歴!$J$2:$J$198,"愛弓") | D20: =SUMIFS(統合決済履歴!$C$2:$C$198,統合決済履歴!$G$2:$G$198,"Eating out",統合決済履歴!$D$2:$D$198,"JPY",統合決済履歴!$F$2:$F$198,"COMPLETED",統合決済履歴!$J$2:$J$198,"愛弓") | E20: =B20*設定!$B$3+C20*設定!$B$4+D20
A21: Entertainment | B21: =SUMIFS(統合決済履歴!$C$2:$C$198,統合決済履歴!$G$2:$G$198,"Entertainment",統合決済履歴!$D$2:$D$198,"GBP",統合決済履歴!$F$2:$F$198,"COMPLETED",統合決済履歴!$J$2:$J$198,"愛弓") | C21: =SUMIFS(統合決済履歴!$C$2:$C$198,統合決済履歴!$G$2:$G$198,"Entertainment",統合決済履歴!$D$2:$D$198,"EUR",統合決済履歴!$F$2:$F$198,"COMPLETED",統合決済履歴!$J$2:$J$198,"愛弓") | D21: =SUMIFS(統合決済履歴!$C$2:$C$198,統合決済履歴!$G$2:$G$198,"Entertainment",統合決済履歴!$D$2:$D$198,"JPY",統合決済履歴!$F$2:$F$198,"COMPLETED",統合決済履歴!$J$2:$J$198,"愛弓") | E21: =B21*設定!$B$3+C21*設定!$B$4+D21
A22: Family | B22: =SUMIFS(統合決済履歴!$C$2:$C$198,統合決済履歴!$G$2:$G$198,"Family",統合決済履歴!$D$2:$D$198,"GBP",統合決済履歴!$F$2:$F$198,"COMPLETED",統合決済履歴!$J$2:$J$198,"愛弓") | C22: =SUMIFS(統合決済履歴!$C$2:$C$198,統合決済履歴!$G$2:$G$198,"Family",統合決済履歴!$D$2:$D$198,"EUR",統合決済履歴!$F$2:$F$198,"COMPLETED",統合決済履歴!$J$2:$J$198,"愛弓") | D22: =SUMIFS(統合決済履歴!$C$2:$C$198,統合決済履歴!$G$2:$G$198,"Family",統合決済履歴!$D$2:$D$198,"JPY",統合決済履歴!$F$2:$F$198,"COMPLETED",統合決済履歴!$J$2:$J$198,"愛弓") | E22: =B22*設定!$B$3+C22*設定!$B$4+D22
A23: General | B23: =SUMIFS(統合決済履歴!$C$2:$C$198,統合決済履歴!$G$2:$G$198,"General",統合決済履歴!$D$2:$D$198,"GBP",統合決済履歴!$F$2:$F$198,"COMPLETED",統合決済履歴!$J$2:$J$198,"愛弓") | C23: =SUMIFS(統合決済履歴!$C$2:$C$198,統合決済履歴!$G$2:$G$198,"General",統合決済履歴!$D$2:$D$198,"EUR",統合決済履歴!$F$2:$F$198,"COMPLETED",統合決済履歴!$J$2:$J$198,"愛弓") | D23: =SUMIFS(統合決済履歴!$C$2:$C$198,統合決済履歴!$G$2:$G$198,"General",統合決済履歴!$D$2:$D$198,"JPY",統合決済履歴!$F$2:$F$198,"COMPLETED",統合決済履歴!$J$2:$J$198,"愛弓") | E23: =B23*設定!$B$3+C23*設定!$B$4+D23
A24: Groceries | B24: =SUMIFS(統合決済履歴!$C$2:$C$198,統合決済履歴!$G$2:$G$198,"Groceries",統合決済履歴!$D$2:$D$198,"GBP",統合決済履歴!$F$2:$F$198,"COMPLETED",統合決済履歴!$J$2:$J$198,"愛弓") | C24: =SUMIFS(統合決済履歴!$C$2:$C$198,統合決済履歴!$G$2:$G$198,"Groceries",統合決済履歴!$D$2:$D$198,"EUR",統合決済履歴!$F$2:$F$198,"COMPLETED",統合決済履歴!$J$2:$J$198,"愛弓") | D24: =SUMIFS(統合決済履歴!$C$2:$C$198,統合決済履歴!$G$2:$G$198,"Groceries",統合決済履歴!$D$2:$D$198,"JPY",統合決済履歴!$F$2:$F$198,"COMPLETED",統合決済履歴!$J$2:$J$198,"愛弓") | E24: =B24*設定!$B$3+C24*設定!$B$4+D24
A25: Money added | B25: =SUMIFS(統合決済履歴!$C$2:$C$198,統合決済履歴!$G$2:$G$198,"Money added",統合決済履歴!$D$2:$D$198,"GBP",統合決済履歴!$F$2:$F$198,"COMPLETED",統合決済履歴!$J$2:$J$198,"愛弓") | C25: =SUMIFS(統合決済履歴!$C$2:$C$198,統合決済履歴!$G$2:$G$198,"Money added",統合決済履歴!$D$2:$D$198,"EUR",統合決済履歴!$F$2:$F$198,"COMPLETED",統合決済履歴!$J$2:$J$198,"愛弓") | D25: =SUMIFS(統合決済履歴!$C$2:$C$198,統合決済履歴!$G$2:$G$198,"Money added",統合決済履歴!$D$2:$D$198,"JPY",統合決済履歴!$F$2:$F$198,"COMPLETED",統合決済履歴!$J$2:$J$198,"愛弓") | E25: =B25*設定!$B$3+C25*設定!$B$4+D25
A26: Personal care | B26: =SUMIFS(統合決済履歴!$C$2:$C$198,統合決済履歴!$G$2:$G$198,"Personal care",統合決済履歴!$D$2:$D$198,"GBP",統合決済履歴!$F$2:$F$198,"COMPLETED",統合決済履歴!$J$2:$J$198,"愛弓") | C26: =SUMIFS(統合決済履歴!$C$2:$C$198,統合決済履歴!$G$2:$G$198,"Personal care",統合決済履歴!$D$2:$D$198,"EUR",統合決済履歴!$F$2:$F$198,"COMPLETED",統合決済履歴!$J$2:$J$198,"愛弓") | D26: =SUMIFS(統合決済履歴!$C$2:$C$198,統合決済履歴!$G$2:$G$198,"Personal care",統合決済履歴!$D$2:$D$198,"JPY",統合決済履歴!$F$2:$F$198,"COMPLETED",統合決済履歴!$J$2:$J$198,"愛弓") | E26: =B26*設定!$B$3+C26*設定!$B$4+D26
A27: Shopping | B27: =SUMIFS(統合決済履歴!$C$2:$C$198,統合決済履歴!$G$2:$G$198,"Shopping",統合決済履歴!$D$2:$D$198,"GBP",統合決済履歴!$F$2:$F$198,"COMPLETED",統合決済履歴!$J$2:$J$198,"愛弓") | C27: =SUMIFS(統合決済履歴!$C$2:$C$198,統合決済履歴!$G$2:$G$198,"Shopping",統合決済履歴!$D$2:$D$198,"EUR",統合決済履歴!$F$2:$F$198,"COMPLETED",統合決済履歴!$J$2:$J$198,"愛弓") | D27: =SUMIFS(統合決済履歴!$C$2:$C$198,統合決済履歴!$G$2:$G$198,"Shopping",統合決済履歴!$D$2:$D$198,"JPY",統合決済履歴!$F$2:$F$198,"COMPLETED",統合決済履歴!$J$2:$J$198,"愛弓") | E27: =B27*設定!$B$3+C27*設定!$B$4+D27
A28: Transport | B28: =SUMIFS(統合決済履歴!$C$2:$C$198,統合決済履歴!$G$2:$G$198,"Transport",統合決済履歴!$D$2:$D$198,"GBP",統合決済履歴!$F$2:$F$198,"COMPLETED",統合決済履歴!$J$2:$J$198,"愛弓") | C28: =SUMIFS(統合決済履歴!$C$2:$C$198,統合決済履歴!$G$2:$G$198,"Transport",統合決済履歴!$D$2:$D$198,"EUR",統合決済履歴!$F$2:$F$198,"COMPLETED",統合決済履歴!$J$2:$J$198,"愛弓") | D28: =SUMIFS(統合決済履歴!$C$2:$C$198,統合決済履歴!$G$2:$G$198,"Transport",統合決済履歴!$D$2:$D$198,"JPY",統合決済履歴!$F$2:$F$198,"COMPLETED",統合決済履歴!$J$2:$J$198,"愛弓") | E28: =B28*設定!$B$3+C28*設定!$B$4+D28
A29: 合計 | B29: =SUM(B19:B28) | C29: =SUM(C19:C28) | D29: =SUM(D19:D28) | E29: =SUM(E19:E28)
A31: ■ 共通
A32: カテゴリ | B32: GBP 合計 | C32: EUR 合計 | D32: JPY 合計 | E32: JPY換算合計
A33: Bills | B33: =SUMIFS(統合決済履歴!$C$2:$C$198,統合決済履歴!$G$2:$G$198,"Bills",統合決済履歴!$D$2:$D$198,"GBP",統合決済履歴!$F$2:$F$198,"COMPLETED",統合決済履歴!$J$2:$J$198,"共通") | C33: =SUMIFS(統合決済履歴!$C$2:$C$198,統合決済履歴!$G$2:$G$198,"Bills",統合決済履歴!$D$2:$D$198,"EUR",統合決済履歴!$F$2:$F$198,"COMPLETED",統合決済履歴!$J$2:$J$198,"共通") | D33: =SUMIFS(統合決済履歴!$C$2:$C$198,統合決済履歴!$G$2:$G$198,"Bills",統合決済履歴!$D$2:$D$198,"JPY",統合決済履歴!$F$2:$F$198,"COMPLETED",統合決済履歴!$J$2:$J$198,"共通") | E33: =B33*設定!$B$3+C33*設定!$B$4+D33
A34: Eating out | B34: =SUMIFS(統合決済履歴!$C$2:$C$198,統合決済履歴!$G$2:$G$198,"Eating out",統合決済履歴!$D$2:$D$198,"GBP",統合決済履歴!$F$2:$F$198,"COMPLETED",統合決済履歴!$J$2:$J$198,"共通") | C34: =SUMIFS(統合決済履歴!$C$2:$C$198,統合決済履歴!$G$2:$G$198,"Eating out",統合決済履歴!$D$2:$D$198,"EUR",統合決済履歴!$F$2:$F$198,"COMPLETED",統合決済履歴!$J$2:$J$198,"共通") | D34: =SUMIFS(統合決済履歴!$C$2:$C$198,統合決済履歴!$G$2:$G$198,"Eating out",統合決済履歴!$D$2:$D$198,"JPY",統合決済履歴!$F$2:$F$198,"COMPLETED",統合決済履歴!$J$2:$J$198,"共通") | E34: =B34*設定!$B$3+C34*設定!$B$4+D34
A35: Entertainment | B35: =SUMIFS(統合決済履歴!$C$2:$C$198,統合決済履歴!$G$2:$G$198,"Entertainment",統合決済履歴!$D$2:$D$198,"GBP",統合決済履歴!$F$2:$F$198,"COMPLETED",統合決済履歴!$J$2:$J$198,"共通") | C35: =SUMIFS(統合決済履歴!$C$2:$C$198,統合決済履歴!$G$2:$G$198,"Entertainment",統合決済履歴!$D$2:$D$198,"EUR",統合決済履歴!$F$2:$F$198,"COMPLETED",統合決済履歴!$J$2:$J$198,"共通") | D35: =SUMIFS(統合決済履歴!$C$2:$C$198,統合決済履歴!$G$2:$G$198,"Entertainment",統合決済履歴!$D$2:$D$198,"JPY",統合決済履歴!$F$2:$F$198,"COMPLETED",統合決済履歴!$J$2:$J$198,"共通") | E35: =B35*設定!$B$3+C35*設定!$B$4+D35
A36: Family | B36: =SUMIFS(統合決済履歴!$C$2:$C$198,統合決済履歴!$G$2:$G$198,"Family",統合決済履歴!$D$2:$D$198,"GBP",統合決済履歴!$F$2:$F$198,"COMPLETED",統合決済履歴!$J$2:$J$198,"共通") | C36: =SUMIFS(統合決済履歴!$C$2:$C$198,統合決済履歴!$G$2:$G$198,"Family",統合決済履歴!$D$2:$D$198,"EUR",統合決済履歴!$F$2:$F$198,"COMPLETED",統合決済履歴!$J$2:$J$198,"共通") | D36: =SUMIFS(統合決済履歴!$C$2:$C$198,統合決済履歴!$G$2:$G$198,"Family",統合決済履歴!$D$2:$D$198,"JPY",統合決済履歴!$F$2:$F$198,"COMPLETED",統合決済履歴!$J$2:$J$198,"共通") | E36: =B36*設定!$B$3+C36*設定!$B$4+D36
A37: General | B37: =SUMIFS(統合決済履歴!$C$2:$C$198,統合決済履歴!$G$2:$G$198,"General",統合決済履歴!$D$2:$D$198,"GBP",統合決済履歴!$F$2:$F$198,"COMPLETED",統合決済履歴!$J$2:$J$198,"共通") | C37: =SUMIFS(統合決済履歴!$C$2:$C$198,統合決済履歴!$G$2:$G$198,"General",統合決済履歴!$D$2:$D$198,"EUR",統合決済履歴!$F$2:$F$198,"COMPLETED",統合決済履歴!$J$2:$J$198,"共通") | D37: =SUMIFS(統合決済履歴!$C$2:$C$198,統合決済履歴!$G$2:$G$198,"General",統合決済履歴!$D$2:$D$198,"JPY",統合決済履歴!$F$2:$F$198,"COMPLETED",統合決済履歴!$J$2:$J$198,"共通") | E37: =B37*設定!$B$3+C37*設定!$B$4+D37
A38: Groceries | B38: =SUMIFS(統合決済履歴!$C$2:$C$198,統合決済履歴!$G$2:$G$198,"Groceries",統合決済履歴!$D$2:$D$198,"GBP",統合決済履歴!$F$2:$F$198,"COMPLETED",統合決済履歴!$J$2:$J$198,"共通") | C38: =SUMIFS(統合決済履歴!$C$2:$C$198,統合決済履歴!$G$2:$G$198,"Groceries",統合決済履歴!$D$2:$D$198,"EUR",統合決済履歴!$F$2:$F$198,"COMPLETED",統合決済履歴!$J$2:$J$198,"共通") | D38: =SUMIFS(統合決済履歴!$C$2:$C$198,統合決済履歴!$G$2:$G$198,"Groceries",統合決済履歴!$D$2:$D$198,"JPY",統合決済履歴!$F$2:$F$198,"COMPLETED",統合決済履歴!$J$2:$J$198,"共通") | E38: =B38*設定!$B$3+C38*設定!$B$4+D38
A39: Money added | B39: =SUMIFS(統合決済履歴!$C$2:$C$198,統合決済履歴!$G$2:$G$198,"Money added",統合決済履歴!$D$2:$D$198,"GBP",統合決済履歴!$F$2:$F$198,"COMPLETED",統合決済履歴!$J$2:$J$198,"共通") | C39: =SUMIFS(統合決済履歴!$C$2:$C$198,統合決済履歴!$G$2:$G$198,"Money added",統合決済履歴!$D$2:$D$198,"EUR",統合決済履歴!$F$2:$F$198,"COMPLETED",統合決済履歴!$J$2:$J$198,"共通") | D39: =SUMIFS(統合決済履歴!$C$2:$C$198,統合決済履歴!$G$2:$G$198,"Money added",統合決済履歴!$D$2:$D$198,"JPY",統合決済履歴!$F$2:$F$198,"COMPLETED",統合決済履歴!$J$2:$J$198,"共通") | E39: =B39*設定!$B$3+C39*設定!$B$4+D39
A40: Personal care | B40: =SUMIFS(統合決済履歴!$C$2:$C$198,統合決済履歴!$G$2:$G$198,"Personal care",統合決済履歴!$D$2:$D$198,"GBP",統合決済履歴!$F$2:$F$198,"COMPLETED",統合決済履歴!$J$2:$J$198,"共通") | C40: =SUMIFS(統合決済履歴!$C$2:$C$198,統合決済履歴!$G$2:$G$198,"Personal care",統合決済履歴!$D$2:$D$198,"EUR",統合決済履歴!$F$2:$F$198,"COMPLETED",統合決済履歴!$J$2:$J$198,"共通") | D40: =SUMIFS(統合決済履歴!$C$2:$C$198,統合決済履歴!$G$2:$G$198,"Personal care",統合決済履歴!$D$2:$D$198,"JPY",統合決済履歴!$F$2:$F$198,"COMPLETED",統合決済履歴!$J$2:$J$198,"共通") | E40: =B40*設定!$B$3+C40*設定!$B$4+D40
A41: Shopping | B41: =SUMIFS(統合決済履歴!$C$2:$C$198,統合決済履歴!$G$2:$G$198,"Shopping",統合決済履歴!$D$2:$D$198,"GBP",統合決済履歴!$F$2:$F$198,"COMPLETED",統合決済履歴!$J$2:$J$198,"共通") | C41: =SUMIFS(統合決済履歴!$C$2:$C$198,統合決済履歴!$G$2:$G$198,"Shopping",統合決済履歴!$D$2:$D$198,"EUR",統合決済履歴!$F$2:$F$198,"COMPLETED",統合決済履歴!$J$2:$J$198,"共通") | D41: =SUMIFS(統合決済履歴!$C$2:$C$198,統合決済履歴!$G$2:$G$198,"Shopping",統合決済履歴!$D$2:$D$198,"JPY",統合決済履歴!$F$2:$F$198,"COMPLETED",統合決済履歴!$J$2:$J$198,"共通") | E41: =B41*設定!$B$3+C41*設定!$B$4+D41
A42: Transport | B42: =SUMIFS(統合決済履歴!$C$2:$C$198,統合決済履歴!$G$2:$G$198,"Transport",統合決済履歴!$D$2:$D$198,"GBP",統合決済履歴!$F$2:$F$198,"COMPLETED",統合決済履歴!$J$2:$J$198,"共通") | C42: =SUMIFS(統合決済履歴!$C$2:$C$198,統合決済履歴!$G$2:$G$198,"Transport",統合決済履歴!$D$2:$D$198,"EUR",統合決済履歴!$F$2:$F$198,"COMPLETED",統合決済履歴!$J$2:$J$198,"共通") | D42: =SUMIFS(統合決済履歴!$C$2:$C$198,統合決済履歴!$G$2:$G$198,"Transport",統合決済履歴!$D$2:$D$198,"JPY",統合決済履歴!$F$2:$F$198,"COMPLETED",統合決済履歴!$J$2:$J$198,"共通") | E42: =B42*設定!$B$3+C42*設定!$B$4+D42
A43: 合計 | B43: =SUM(B33:B42) | C43: =SUM(C33:C42) | D43: =SUM(D33:D42) | E43: =SUM(E33:E42)
A45: ■ 合計（聖也＋愛弓＋共通、除外を除く）
A46: カテゴリ | B46: GBP 合計 | C46: EUR 合計 | D46: JPY 合計 | E46: JPY換算合計
A47: Bills | B47: =SUMIFS(統合決済履歴!$C$2:$C$198,統合決済履歴!$G$2:$G$198,"Bills",統合決済履歴!$D$2:$D$198,"GBP",統合決済履歴!$F$2:$F$198,"COMPLETED",統合決済履歴!$J$2:$J$198,"<>除外") | C47: =SUMIFS(統合決済履歴!$C$2:$C$198,統合決済履歴!$G$2:$G$198,"Bills",統合決済履歴!$D$2:$D$198,"EUR",統合決済履歴!$F$2:$F$198,"COMPLETED",統合決済履歴!$J$2:$J$198,"<>除外") | D47: =SUMIFS(統合決済履歴!$C$2:$C$198,統合決済履歴!$G$2:$G$198,"Bills",統合決済履歴!$D$2:$D$198,"JPY",統合決済履歴!$F$2:$F$198,"COMPLETED",統合決済履歴!$J$2:$J$198,"<>除外") | E47: =B47*設定!$B$3+C47*設定!$B$4+D47
A48: Eating out | B48: =SUMIFS(統合決済履歴!$C$2:$C$198,統合決済履歴!$G$2:$G$198,"Eating out",統合決済履歴!$D$2:$D$198,"GBP",統合決済履歴!$F$2:$F$198,"COMPLETED",統合決済履歴!$J$2:$J$198,"<>除外") | C48: =SUMIFS(統合決済履歴!$C$2:$C$198,統合決済履歴!$G$2:$G$198,"Eating out",統合決済履歴!$D$2:$D$198,"EUR",統合決済履歴!$F$2:$F$198,"COMPLETED",統合決済履歴!$J$2:$J$198,"<>除外") | D48: =SUMIFS(統合決済履歴!$C$2:$C$198,統合決済履歴!$G$2:$G$198,"Eating out",統合決済履歴!$D$2:$D$198,"JPY",統合決済履歴!$F$2:$F$198,"COMPLETED",統合決済履歴!$J$2:$J$198,"<>除外") | E48: =B48*設定!$B$3+C48*設定!$B$4+D48
A49: Entertainment | B49: =SUMIFS(統合決済履歴!$C$2:$C$198,統合決済履歴!$G$2:$G$198,"Entertainment",統合決済履歴!$D$2:$D$198,"GBP",統合決済履歴!$F$2:$F$198,"COMPLETED",統合決済履歴!$J$2:$J$198,"<>除外") | C49: =SUMIFS(統合決済履歴!$C$2:$C$198,統合決済履歴!$G$2:$G$198,"Entertainment",統合決済履歴!$D$2:$D$198,"EUR",統合決済履歴!$F$2:$F$198,"COMPLETED",統合決済履歴!$J$2:$J$198,"<>除外") | D49: =SUMIFS(統合決済履歴!$C$2:$C$198,統合決済履歴!$G$2:$G$198,"Entertainment",統合決済履歴!$D$2:$D$198,"JPY",統合決済履歴!$F$2:$F$198,"COMPLETED",統合決済履歴!$J$2:$J$198,"<>除外") | E49: =B49*設定!$B$3+C49*設定!$B$4+D49
A50: Family | B50: =SUMIFS(統合決済履歴!$C$2:$C$198,統合決済履歴!$G$2:$G$198,"Family",統合決済履歴!$D$2:$D$198,"GBP",統合決済履歴!$F$2:$F$198,"COMPLETED",統合決済履歴!$J$2:$J$198,"<>除外") | C50: =SUMIFS(統合決済履歴!$C$2:$C$198,統合決済履歴!$G$2:$G$198,"Family",統合決済履歴!$D$2:$D$198,"EUR",統合決済履歴!$F$2:$F$198,"COMPLETED",統合決済履歴!$J$2:$J$198,"<>除外") | D50: =SUMIFS(統合決済履歴!$C$2:$C$198,統合決済履歴!$G$2:$G$198,"Family",統合決済履歴!$D$2:$D$198,"JPY",統合決済履歴!$F$2:$F$198,"COMPLETED",統合決済履歴!$J$2:$J$198,"<>除外") | E50: =B50*設定!$B$3+C50*設定!$B$4+D50
A51: General | B51: =SUMIFS(統合決済履歴!$C$2:$C$198,統合決済履歴!$G$2:$G$198,"General",統合決済履歴!$D$2:$D$198,"GBP",統合決済履歴!$F$2:$F$198,"COMPLETED",統合決済履歴!$J$2:$J$198,"<>除外") | C51: =SUMIFS(統合決済履歴!$C$2:$C$198,統合決済履歴!$G$2:$G$198,"General",統合決済履歴!$D$2:$D$198,"EUR",統合決済履歴!$F$2:$F$198,"COMPLETED",統合決済履歴!$J$2:$J$198,"<>除外") | D51: =SUMIFS(統合決済履歴!$C$2:$C$198,統合決済履歴!$G$2:$G$198,"General",統合決済履歴!$D$2:$D$198,"JPY",統合決済履歴!$F$2:$F$198,"COMPLETED",統合決済履歴!$J$2:$J$198,"<>除外") | E51: =B51*設定!$B$3+C51*設定!$B$4+D51
A52: Groceries | B52: =SUMIFS(統合決済履歴!$C$2:$C$198,統合決済履歴!$G$2:$G$198,"Groceries",統合決済履歴!$D$2:$D$198,"GBP",統合決済履歴!$F$2:$F$198,"COMPLETED",統合決済履歴!$J$2:$J$198,"<>除外") | C52: =SUMIFS(統合決済履歴!$C$2:$C$198,統合決済履歴!$G$2:$G$198,"Groceries",統合決済履歴!$D$2:$D$198,"EUR",統合決済履歴!$F$2:$F$198,"COMPLETED",統合決済履歴!$J$2:$J$198,"<>除外") | D52: =SUMIFS(統合決済履歴!$C$2:$C$198,統合決済履歴!$G$2:$G$198,"Groceries",統合決済履歴!$D$2:$D$198,"JPY",統合決済履歴!$F$2:$F$198,"COMPLETED",統合決済履歴!$J$2:$J$198,"<>除外") | E52: =B52*設定!$B$3+C52*設定!$B$4+D52
A53: Money added | B53: =SUMIFS(統合決済履歴!$C$2:$C$198,統合決済履歴!$G$2:$G$198,"Money added",統合決済履歴!$D$2:$D$198,"GBP",統合決済履歴!$F$2:$F$198,"COMPLETED",統合決済履歴!$J$2:$J$198,"<>除外") | C53: =SUMIFS(統合決済履歴!$C$2:$C$198,統合決済履歴!$G$2:$G$198,"Money added",統合決済履歴!$D$2:$D$198,"EUR",統合決済履歴!$F$2:$F$198,"COMPLETED",統合決済履歴!$J$2:$J$198,"<>除外") | D53: =SUMIFS(統合決済履歴!$C$2:$C$198,統合決済履歴!$G$2:$G$198,"Money added",統合決済履歴!$D$2:$D$198,"JPY",統合決済履歴!$F$2:$F$198,"COMPLETED",統合決済履歴!$J$2:$J$198,"<>除外") | E53: =B53*設定!$B$3+C53*設定!$B$4+D53
A54: Personal care | B54: =SUMIFS(統合決済履歴!$C$2:$C$198,統合決済履歴!$G$2:$G$198,"Personal care",統合決済履歴!$D$2:$D$198,"GBP",統合決済履歴!$F$2:$F$198,"COMPLETED",統合決済履歴!$J$2:$J$198,"<>除外") | C54: =SUMIFS(統合決済履歴!$C$2:$C$198,統合決済履歴!$G$2:$G$198,"Personal care",統合決済履歴!$D$2:$D$198,"EUR",統合決済履歴!$F$2:$F$198,"COMPLETED",統合決済履歴!$J$2:$J$198,"<>除外") | D54: =SUMIFS(統合決済履歴!$C$2:$C$198,統合決済履歴!$G$2:$G$198,"Personal care",統合決済履歴!$D$2:$D$198,"JPY",統合決済履歴!$F$2:$F$198,"COMPLETED",統合決済履歴!$J$2:$J$198,"<>除外") | E54: =B54*設定!$B$3+C54*設定!$B$4+D54
A55: Shopping | B55: =SUMIFS(統合決済履歴!$C$2:$C$198,統合決済履歴!$G$2:$G$198,"Shopping",統合決済履歴!$D$2:$D$198,"GBP",統合決済履歴!$F$2:$F$198,"COMPLETED",統合決済履歴!$J$2:$J$198,"<>除外") | C55: =SUMIFS(統合決済履歴!$C$2:$C$198,統合決済履歴!$G$2:$G$198,"Shopping",統合決済履歴!$D$2:$D$198,"EUR",統合決済履歴!$F$2:$F$198,"COMPLETED",統合決済履歴!$J$2:$J$198,"<>除外") | D55: =SUMIFS(統合決済履歴!$C$2:$C$198,統合決済履歴!$G$2:$G$198,"Shopping",統合決済履歴!$D$2:$D$198,"JPY",統合決済履歴!$F$2:$F$198,"COMPLETED",統合決済履歴!$J$2:$J$198,"<>除外") | E55: =B55*設定!$B$3+C55*設定!$B$4+D55
A56: Transport | B56: =SUMIFS(統合決済履歴!$C$2:$C$198,統合決済履歴!$G$2:$G$198,"Transport",統合決済履歴!$D$2:$D$198,"GBP",統合決済履歴!$F$2:$F$198,"COMPLETED",統合決済履歴!$J$2:$J$198,"<>除外") | C56: =SUMIFS(統合決済履歴!$C$2:$C$198,統合決済履歴!$G$2:$G$198,"Transport",統合決済履歴!$D$2:$D$198,"EUR",統合決済履歴!$F$2:$F$198,"COMPLETED",統合決済履歴!$J$2:$J$198,"<>除外") | D56: =SUMIFS(統合決済履歴!$C$2:$C$198,統合決済履歴!$G$2:$G$198,"Transport",統合決済履歴!$D$2:$D$198,"JPY",統合決済履歴!$F$2:$F$198,"COMPLETED",統合決済履歴!$J$2:$J$198,"<>除外") | E56: =B56*設定!$B$3+C56*設定!$B$4+D56
A57: 合計 | B57: =SUM(B47:B56) | C57: =SUM(C47:C56) | D57: =SUM(D47:D56) | E57: =SUM(E47:E56)
A59: ■ 除外（参考・合計には含めない）
A60: カテゴリ | B60: GBP 合計 | C60: EUR 合計 | D60: JPY 合計 | E60: JPY換算合計
A61: Bills | B61: =SUMIFS(統合決済履歴!$C$2:$C$198,統合決済履歴!$G$2:$G$198,"Bills",統合決済履歴!$D$2:$D$198,"GBP",統合決済履歴!$F$2:$F$198,"COMPLETED",統合決済履歴!$J$2:$J$198,"除外") | C61: =SUMIFS(統合決済履歴!$C$2:$C$198,統合決済履歴!$G$2:$G$198,"Bills",統合決済履歴!$D$2:$D$198,"EUR",統合決済履歴!$F$2:$F$198,"COMPLETED",統合決済履歴!$J$2:$J$198,"除外") | D61: =SUMIFS(統合決済履歴!$C$2:$C$198,統合決済履歴!$G$2:$G$198,"Bills",統合決済履歴!$D$2:$D$198,"JPY",統合決済履歴!$F$2:$F$198,"COMPLETED",統合決済履歴!$J$2:$J$198,"除外") | E61: =B61*設定!$B$3+C61*設定!$B$4+D61
A62: Eating out | B62: =SUMIFS(統合決済履歴!$C$2:$C$198,統合決済履歴!$G$2:$G$198,"Eating out",統合決済履歴!$D$2:$D$198,"GBP",統合決済履歴!$F$2:$F$198,"COMPLETED",統合決済履歴!$J$2:$J$198,"除外") | C62: =SUMIFS(統合決済履歴!$C$2:$C$198,統合決済履歴!$G$2:$G$198,"Eating out",統合決済履歴!$D$2:$D$198,"EUR",統合決済履歴!$F$2:$F$198,"COMPLETED",統合決済履歴!$J$2:$J$198,"除外") | D62: =SUMIFS(統合決済履歴!$C$2:$C$198,統合決済履歴!$G$2:$G$198,"Eating out",統合決済履歴!$D$2:$D$198,"JPY",統合決済履歴!$F$2:$F$198,"COMPLETED",統合決済履歴!$J$2:$J$198,"除外") | E62: =B62*設定!$B$3+C62*設定!$B$4+D62
A63: Entertainment | B63: =SUMIFS(統合決済履歴!$C$2:$C$198,統合決済履歴!$G$2:$G$198,"Entertainment",統合決済履歴!$D$2:$D$198,"GBP",統合決済履歴!$F$2:$F$198,"COMPLETED",統合決済履歴!$J$2:$J$198,"除外") | C63: =SUMIFS(統合決済履歴!$C$2:$C$198,統合決済履歴!$G$2:$G$198,"Entertainment",統合決済履歴!$D$2:$D$198,"EUR",統合決済履歴!$F$2:$F$198,"COMPLETED",統合決済履歴!$J$2:$J$198,"除外") | D63: =SUMIFS(統合決済履歴!$C$2:$C$198,統合決済履歴!$G$2:$G$198,"Entertainment",統合決済履歴!$D$2:$D$198,"JPY",統合決済履歴!$F$2:$F$198,"COMPLETED",統合決済履歴!$J$2:$J$198,"除外") | E63: =B63*設定!$B$3+C63*設定!$B$4+D63
A64: Family | B64: =SUMIFS(統合決済履歴!$C$2:$C$198,統合決済履歴!$G$2:$G$198,"Family",統合決済履歴!$D$2:$D$198,"GBP",統合決済履歴!$F$2:$F$198,"COMPLETED",統合決済履歴!$J$2:$J$198,"除外") | C64: =SUMIFS(統合決済履歴!$C$2:$C$198,統合決済履歴!$G$2:$G$198,"Family",統合決済履歴!$D$2:$D$198,"EUR",統合決済履歴!$F$2:$F$198,"COMPLETED",統合決済履歴!$J$2:$J$198,"除外") | D64: =SUMIFS(統合決済履歴!$C$2:$C$198,統合決済履歴!$G$2:$G$198,"Family",統合決済履歴!$D$2:$D$198,"JPY",統合決済履歴!$F$2:$F$198,"COMPLETED",統合決済履歴!$J$2:$J$198,"除外") | E64: =B64*設定!$B$3+C64*設定!$B$4+D64
A65: General | B65: =SUMIFS(統合決済履歴!$C$2:$C$198,統合決済履歴!$G$2:$G$198,"General",統合決済履歴!$D$2:$D$198,"GBP",統合決済履歴!$F$2:$F$198,"COMPLETED",統合決済履歴!$J$2:$J$198,"除外") | C65: =SUMIFS(統合決済履歴!$C$2:$C$198,統合決済履歴!$G$2:$G$198,"General",統合決済履歴!$D$2:$D$198,"EUR",統合決済履歴!$F$2:$F$198,"COMPLETED",統合決済履歴!$J$2:$J$198,"除外") | D65: =SUMIFS(統合決済履歴!$C$2:$C$198,統合決済履歴!$G$2:$G$198,"General",統合決済履歴!$D$2:$D$198,"JPY",統合決済履歴!$F$2:$F$198,"COMPLETED",統合決済履歴!$J$2:$J$198,"除外") | E65: =B65*設定!$B$3+C65*設定!$B$4+D65
A66: Groceries | B66: =SUMIFS(統合決済履歴!$C$2:$C$198,統合決済履歴!$G$2:$G$198,"Groceries",統合決済履歴!$D$2:$D$198,"GBP",統合決済履歴!$F$2:$F$198,"COMPLETED",統合決済履歴!$J$2:$J$198,"除外") | C66: =SUMIFS(統合決済履歴!$C$2:$C$198,統合決済履歴!$G$2:$G$198,"Groceries",統合決済履歴!$D$2:$D$198,"EUR",統合決済履歴!$F$2:$F$198,"COMPLETED",統合決済履歴!$J$2:$J$198,"除外") | D66: =SUMIFS(統合決済履歴!$C$2:$C$198,統合決済履歴!$G$2:$G$198,"Groceries",統合決済履歴!$D$2:$D$198,"JPY",統合決済履歴!$F$2:$F$198,"COMPLETED",統合決済履歴!$J$2:$J$198,"除外") | E66: =B66*設定!$B$3+C66*設定!$B$4+D66
A67: Money added | B67: =SUMIFS(統合決済履歴!$C$2:$C$198,統合決済履歴!$G$2:$G$198,"Money added",統合決済履歴!$D$2:$D$198,"GBP",統合決済履歴!$F$2:$F$198,"COMPLETED",統合決済履歴!$J$2:$J$198,"除外") | C67: =SUMIFS(統合決済履歴!$C$2:$C$198,統合決済履歴!$G$2:$G$198,"Money added",統合決済履歴!$D$2:$D$198,"EUR",統合決済履歴!$F$2:$F$198,"COMPLETED",統合決済履歴!$J$2:$J$198,"除外") | D67: =SUMIFS(統合決済履歴!$C$2:$C$198,統合決済履歴!$G$2:$G$198,"Money added",統合決済履歴!$D$2:$D$198,"JPY",統合決済履歴!$F$2:$F$198,"COMPLETED",統合決済履歴!$J$2:$J$198,"除外") | E67: =B67*設定!$B$3+C67*設定!$B$4+D67
A68: Personal care | B68: =SUMIFS(統合決済履歴!$C$2:$C$198,統合決済履歴!$G$2:$G$198,"Personal care",統合決済履歴!$D$2:$D$198,"GBP",統合決済履歴!$F$2:$F$198,"COMPLETED",統合決済履歴!$J$2:$J$198,"除外") | C68: =SUMIFS(統合決済履歴!$C$2:$C$198,統合決済履歴!$G$2:$G$198,"Personal care",統合決済履歴!$D$2:$D$198,"EUR",統合決済履歴!$F$2:$F$198,"COMPLETED",統合決済履歴!$J$2:$J$198,"除外") | D68: =SUMIFS(統合決済履歴!$C$2:$C$198,統合決済履歴!$G$2:$G$198,"Personal care",統合決済履歴!$D$2:$D$198,"JPY",統合決済履歴!$F$2:$F$198,"COMPLETED",統合決済履歴!$J$2:$J$198,"除外") | E68: =B68*設定!$B$3+C68*設定!$B$4+D68
A69: Shopping | B69: =SUMIFS(統合決済履歴!$C$2:$C$198,統合決済履歴!$G$2:$G$198,"Shopping",統合決済履歴!$D$2:$D$198,"GBP",統合決済履歴!$F$2:$F$198,"COMPLETED",統合決済履歴!$J$2:$J$198,"除外") | C69: =SUMIFS(統合決済履歴!$C$2:$C$198,統合決済履歴!$G$2:$G$198,"Shopping",統合決済履歴!$D$2:$D$198,"EUR",統合決済履歴!$F$2:$F$198,"COMPLETED",統合決済履歴!$J$2:$J$198,"除外") | D69: =SUMIFS(統合決済履歴!$C$2:$C$198,統合決済履歴!$G$2:$G$198,"Shopping",統合決済履歴!$D$2:$D$198,"JPY",統合決済履歴!$F$2:$F$198,"COMPLETED",統合決済履歴!$J$2:$J$198,"除外") | E69: =B69*設定!$B$3+C69*設定!$B$4+D69
A70: Transport | B70: =SUMIFS(統合決済履歴!$C$2:$C$198,統合決済履歴!$G$2:$G$198,"Transport",統合決済履歴!$D$2:$D$198,"GBP",統合決済履歴!$F$2:$F$198,"COMPLETED",統合決済履歴!$J$2:$J$198,"除外") | C70: =SUMIFS(統合決済履歴!$C$2:$C$198,統合決済履歴!$G$2:$G$198,"Transport",統合決済履歴!$D$2:$D$198,"EUR",統合決済履歴!$F$2:$F$198,"COMPLETED",統合決済履歴!$J$2:$J$198,"除外") | D70: =SUMIFS(統合決済履歴!$C$2:$C$198,統合決済履歴!$G$2:$G$198,"Transport",統合決済履歴!$D$2:$D$198,"JPY",統合決済履歴!$F$2:$F$198,"COMPLETED",統合決済履歴!$J$2:$J$198,"除外") | E70: =B70*設定!$B$3+C70*設定!$B$4+D70
A71: 合計 | B71: =SUM(B61:B70) | C71: =SUM(C61:C70) | D71: =SUM(D61:D70) | E71: =SUM(E61:E70)
A74: ※全ての月のデータを合算した集計です。データを追加するたびに自動更新されます。
